Number of Jumps,Est_X_Local,Est_Y_Local,Est_Z_Local,Est_Roll_Local,Est_Pitch_Local,Est_Yaw_Local,Est_X_World,Est_Y_World,Est_Z_World,Est_Roll_World,Est_Pitch_World,Est_Yaw_World,Tag_Est_X,Tag_Est_Y,Tag_Est_Z,Tag_Est_Roll,Tag_Est_Pitch,Tag_Est_Yaw,Error_World,Error_Local
1,-0.00400355780047135,0.004164255966921821,50.0195102906674,3.1415103685515064,-7.912291343672748e-05,-1.5481604161296973e-07,0.0,0.0,0.0,0.0,-0.0,0.0,0.0,0.0,50.0,[1. 0. 0.],[ 0. -1.  0.],[ 0.  0. -1.],0.0,0.01951062423226091,0.02034750463192327
1,29.53431536253123,-0.00020894251932412019,120.32538654259038,-3.1415926236542546,-0.004302726346324503,-7.474085361582925e-09,-30.046260698196683,-0.005516400185583167,-70.18006176679084,-8.231567620668383e-05,0.004223603418925814,-5.015227620236574e-07,30.0,0.0,120.0,[1. 0. 0.],[ 0. -1.  0.],[ 0.  0. -1.],0.183732301355505,0.20386279639870963,0.02034750463192327
1,-24.98121583377963,-14.988606519390427,84.93483038995647,3.1415900677109083,-5.119488145449913e-06,-7.514744959821772e-07,24.983488826310065,14.986016387260088,-34.91466548309137,-7.969921498244847e-05,-7.40033654156305e-05,5.96250435137821e-07,-25.0,-15.0,85.0,[1. 0. 0.],[ 0. -1.  0.],[ 0.  0. -1.],0.07921886312410464,0.06877202442674957,0.02034750463192327
1,-0.00400355780047135,0.004164255966921821,50.0195102906674,3.1415103685515064,-7.912291343672748e-05,-1.5481604161296973e-07,0.0,0.0,0.0,0.0,-0.0,0.0,0.0,0.0,50.0,[1. 0. 0.],[ 0. -1.  0.],[ 0.  0. -1.],0.0,0.01951062423226091,0.02034750463192327
1,29.53431536253123,-0.00020894251932412019,120.32538654259038,-3.1415926236542546,-0.004302726346324503,-7.474085361582925e-09,-30.046260698196683,-0.005516400185583167,-70.18006176679084,-8.231567620668383e-05,0.004223603418925814,-5.015227620236574e-07,30.0,0.0,120.0,[1. 0. 0.],[ 0. -1.  0.],[ 0.  0. -1.],0.183732301355505,0.20386279639870963,0.02034750463192327
1,-24.98121583377963,-14.988606519390427,84.93483038995647,3.1415900677109083,-5.119488145449913e-06,-7.514744959821772e-07,24.983488826310065,14.986016387260088,-34.91466548309137,-7.969921498244847e-05,-7.40033654156305e-05,5.96250435137821e-07,-25.0,-15.0,85.0,[1. 0. 0.],[ 0. -1.  0.],[ 0.  0. -1.],0.07921886312410464,0.06877202442674957,0.02034750463192327
1,-0.00400355780047135,0.004164255966921821,50.0195102906674,3.1415103685515064,-7.912291343672748e-05,-1.5481604161296973e-07,0.0,0.0,0.0,0.0,-0.0,0.0,0.0,0.0,50.0,[1. 0. 0.],[ 0. -1.  0.],[ 0.  0. -1.],0.0,0.01951062423226091,0.02034750463192327
1,29.53431536253123,-0.00020894251932412019,120.32538654259038,-3.1415926236542546,-0.004302726346324503,-7.474085361582925e-09,-30.046260698196683,-0.005516400185583167,-70.18006176679084,-8.231567620668383e-05,0.004223603418925814,-5.015227620236574e-07,30.0,0.0,120.0,[1. 0. 0.],[ 0. -1.  0.],[ 0.  0. -1.],0.183732301355505,0.20386279639870963,0.02034750463192327
1,-24.98121583377963,-14.988606519390427,84.93483038995647,3.1415900677109083,-5.119488145449913e-06,-7.514744959821772e-07,24.983488826310065,14.986016387260088,-34.91466548309137,-7.969921498244847e-05,-7.40033654156305e-05,5.96250435137821e-07,-25.0,-15.0,85.0,[1. 0. 0.],[ 0. -1.  0.],[ 0.  0. -1.],0.07921886312410464,0.06877202442674957,0.02034750463192327
1,-0.00400355780047135,0.004164255966921821,50.0195102906674,3.1415103685515064,-7.912291343672748e-05,-1.5481604161296973e-07,0.0,0.0,0.0,0.0,-0.0,0.0,0.0,0.0,50.0,[1. 0. 0.],[ 0. -1.  0.],[ 0.  0. -1.],0.0,0.01951062423226091,0.02034750463192327
1,29.53431536253123,-0.00020894251932412019,120.32538654259038,-3.1415926236542546,-0.004302726346324503,-7.474085361582925e-09,-30.046260698196683,-0.005516400185583167,-70.18006176679084,-8.231567620668383e-05,0.004223603418925814,-5.015227620236574e-07,30.0,0.0,120.0,[1. 0. 0.],[ 0. -1.  0.],[ 0.  0. -1.],0.183732301355505,0.20386279639870963,0.02034750463192327
1,-24.98121583377963,-14.988606519390427,84.93483038995647,3.1415900677109083,-5.119488145449913e-06,-7.514744959821772e-07,24.983488826310065,14.986016387260088,-34.91466548309137,-7.969921498244847e-05,-7.40033654156305e-05,5.96250435137821e-07,-25.0,-15.0,85.0,[1. 0. 0.],[ 0. -1.  0.],[ 0.  0. -1.],0.07921886312410464,0.06877202442674957,0.02034750463192327
1,-0.00400355780047135,0.004164255966921821,50.0195102906674,3.1415103685515064,-7.912291343672748e-05,-1.5481604161296973e-07,0.0,0.0,0.0,0.0,-0.0,0.0,0.0,0.0,50.0,[1. 0. 0.],[ 0. -1.  0.],[ 0.  0. -1.],0.0,0.01951062423226091,0.02034750463192327
1,29.53431536253123,-0.00020894251932412019,120.32538654259038,-3.1415926236542546,-0.004302726346324503,-7.474085361582925e-09,-30.046260698196683,-0.005516400185583167,-70.18006176679084,-8.231567620668383e-05,0.004223603418925814,-5.015227620236574e-07,30.0,0.0,120.0,[1. 0. 0.],[ 0. -1.  0.],[ 0.  0. -1.],0.183732301355505,0.20386279639870963,0.02034750463192327
1,-24.98121583377963,-14.988606519390427,84.93483038995647,3.1415900677109083,-5.119488145449913e-06,-7.514744959821772e-07,24.983488826310065,14.986016387260088,-34.91466548309137,-7.969921498244847e-05,-7.40033654156305e-05,5.96250435137821e-07,-25.0,-15.0,85.0,[1. 0. 0.],[ 0. -1.  0.],[ 0.  0. -1.],0.07921886312410464,0.06877202442674957,0.02034750463192327
1,-0.00400355780047135,0.004164255966921821,50.0195102906674,3.1415103685515064,-7.912291343672748e-05,-1.5481604161296973e-07,0.0,0.0,0.0,0.0,-0.0,0.0,0.0,0.0,50.0,[1. 0. 0.],[ 0. -1.  0.],[ 0.  0. -1.],0.0,0.01951062423226091,0.02034750463192327
1,29.53431536253123,-0.00020894251932412019,120.32538654259038,-3.1415926236542546,-0.004302726346324503,-7.474085361582925e-09,-30.046260698196683,-0.005516400185583167,-70.18006176679084,-8.231567620668383e-05,0.004223603418925814,-5.015227620236574e-07,30.0,0.0,120.0,[1. 0. 0.],[ 0. -1.  0.],[ 0.  0. -1.],0.183732301355505,0.20386279639870963,0.02034750463192327
1,-24.98121583377963,-14.988606519390427,84.93483038995647,3.1415900677109083,-5.119488145449913e-06,-7.514744959821772e-07,24.983488826310065,14.986016387260088,-34.91466548309137,-7.969921498244847e-05,-7.40033654156305e-05,5.96250435137821e-07,-25.0,-15.0,85.0,[1. 0. 0.],[ 0. -1.  0.],[ 0.  0. -1.],0.07921886312410464,0.06877202442674957,0.02034750463192327
1,-0.00400355780047135,0.004164255966921821,50.0195102906674,3.1415103685515064,-7.912291343672748e-05,-1.5481604161296973e-07,0.0,0.0,0.0,0.0,-0.0,0.0,0.0,0.0,50.0,[1. 0. 0.],[ 0. -1.  0.],[ 0.  0. -1.],0.0,0.01951062423226091,0.02034750463192327
1,29.53431536253123,-0.00020894251932412019,120.32538654259038,-3.1415926236542546,-0.004302726346324503,-7.474085361582925e-09,-30.046260698196683,-0.005516400185583167,-70.18006176679084,-8.231567620668383e-05,0.004223603418925814,-5.015227620236574e-07,30.0,0.0,120.0,[1. 0. 0.],[ 0. -1.  0.],[ 0.  0. -1.],0.183732301355505,0.20386279639870963,0.02034750463192327
1,-24.98121583377963,-14.988606519390427,84.93483038995647,3.1415900677109083,-5.119488145449913e-06,-7.514744959821772e-07,24.983488826310065,14.986016387260088,-34.91466548309137,-7.969921498244847e-05,-7.40033654156305e-05,5.96250435137821e-07,-25.0,-15.0,85.0,[1. 0. 0.],[ 0. -1.  0.],[ 0.  0. -1.],0.07921886312410464,0.06877202442674957,0.02034750463192327
1,-0.00400355780047135,0.004164255966921821,50.0195102906674,3.1415103685515064,-7.912291343672748e-05,-1.5481604161296973e-07,0.0,0.0,0.0,0.0,-0.0,0.0,0.0,0.0,50.0,[1. 0. 0.],[ 0. -1.  0.],[ 0.  0. -1.],0.0,0.01951062423226091,0.02034750463192327
1,29.53431536253123,-0.00020894251932412019,120.32538654259038,-3.1415926236542546,-0.004302726346324503,-7.474085361582925e-09,-30.046260698196683,-0.005516400185583167,-70.18006176679084,-8.231567620668383e-05,0.004223603418925814,-5.015227620236574e-07,30.0,0.0,120.0,[1. 0. 0.],[ 0. -1.  0.],[ 0.  0. -1.],0.183732301355505,0.20386279639870963,0.02034750463192327
1,-24.98121583377963,-14.988606519390427,84.93483038995647,3.1415900677109083,-5.119488145449913e-06,-7.514744959821772e-07,24.983488826310065,14.986016387260088,-34.91466548309137,-7.969921498244847e-05,-7.40033654156305e-05,5.96250435137821e-07,-25.0,-15.0,85.0,[1. 0. 0.],[ 0. -1.  0.],[ 0.  0. -1.],0.07921886312410464,0.06877202442674957,0.02034750463192327
1,-0.00400355780047135,0.004164255966921821,50.0195102906674,3.1415103685515064,-7.912291343672748e-05,-1.5481604161296973e-07,0.0,0.0,0.0,0.0,-0.0,0.0,0.0,0.0,50.0,[1. 0. 0.],[ 0. -1.  0.],[ 0.  0. -1.],0.0,0.01951062423226091,0.02034750463192327
1,29.53431536253123,-0.00020894251932412019,120.32538654259038,-3.1415926236542546,-0.004302726346324503,-7.474085361582925e-09,-30.046260698196683,-0.005516400185583167,-70.18006176679084,-8.231567620668383e-05,0.004223603418925814,-5.015227620236574e-07,30.0,0.0,120.0,[1. 0. 0.],[ 0. -1.  0.],[ 0.  0. -1.],0.183732301355505,0.20386279639870963,0.02034750463192327
1,-24.98121583377963,-14.988606519390427,84.93483038995647,3.1415900677109083,-5.119488145449913e-06,-7.514744959821772e-07,24.983488826310065,14.986016387260088,-34.91466548309137,-7.969921498244847e-05,-7.40033654156305e-05,5.96250435137821e-07,-25.0,-15.0,85.0,[1. 0. 0.],[ 0. -1.  0.],[ 0.  0. -1.],0.07921886312410464,0.06877202442674957,0.02034750463192327
1,-0.00400355780047135,0.004164255966921821,50.0195102906674,3.1415103685515064,-7.912291343672748e-05,-1.5481604161296973e-07,0.0,0.0,0.0,0.0,-0.0,0.0,0.0,0.0,50.0,[1. 0. 0.],[ 0. -1.  0.],[ 0.  0. -1.],0.0,0.01951062423226091,0.02034750463192327
1,29.53431536253123,-0.00020894251932412019,120.32538654259038,-3.1415926236542546,-0.004302726346324503,-7.474085361582925e-09,-30.046260698196683,-0.005516400185583167,-70.18006176679084,-8.231567620668383e-05,0.004223603418925814,-5.015227620236574e-07,30.0,0.0,120.0,[1. 0. 0.],[ 0. -1.  0.],[ 0.  0. -1.],0.183732301355505,0.20386279639870963,0.02034750463192327
1,-24.98121583377963,-14.988606519390427,84.93483038995647,3.1415900677109083,-5.119488145449913e-06,-7.514744959821772e-07,24.983488826310065,14.986016387260088,-34.91466548309137,-7.969921498244847e-05,-7.40033654156305e-05,5.96250435137821e-07,-25.0,-15.0,85.0,[1. 0. 0.],[ 0. -1.  0.],[ 0.  0. -1.],0.07921886312410464,0.06877202442674957,0.02034750463192327
1,-0.00400355780047135,0.004164255966921821,50.0195102906674,3.1415103685515064,-7.912291343672748e-05,-1.5481604161296973e-07,0.0,0.0,0.0,0.0,-0.0,0.0,0.0,0.0,50.0,[1. 0. 0.],[ 0. -1.  0.],[ 0.  0. -1.],0.0,0.01951062423226091,0.02034750463192327
1,29.53431536253123,-0.00020894251932412019,120.32538654259038,-3.1415926236542546,-0.004302726346324503,-7.474085361582925e-09,-30.046260698196683,-0.005516400185583167,-70.18006176679084,-8.231567620668383e-05,0.004223603418925814,-5.015227620236574e-07,30.0,0.0,120.0,[1. 0. 0.],[ 0. -1.  0.],[ 0.  0. -1.],0.183732301355505,0.20386279639870963,0.02034750463192327
1,-24.98121583377963,-14.988606519390427,84.93483038995647,3.1415900677109083,-5.119488145449913e-06,-7.514744959821772e-07,24.983488826310065,14.986016387260088,-34.91466548309137,-7.969921498244847e-05,-7.40033654156305e-05,5.96250435137821e-07,-25.0,-15.0,85.0,[1. 0. 0.],[ 0. -1.  0.],[ 0.  0. -1.],0.07921886312410464,0.06877202442674957,0.02034750463192327
1,-0.00400355780047135,0.004164255966921821,50.0195102906674,3.1415103685515064,-7.912291343672748e-05,-1.5481604161296973e-07,0.0,0.0,0.0,0.0,-0.0,0.0,0.0,0.0,50.0,[1. 0. 0.],[ 0. -1.  0.],[ 0.  0. -1.],0.0,0.01951062423226091,0.02034750463192327
1,29.53431536253123,-0.00020894251932412019,120.32538654259038,-3.1415926236542546,-0.004302726346324503,-7.474085361582925e-09,-30.046260698196683,-0.005516400185583167,-70.18006176679084,-8.231567620668383e-05,0.004223603418925814,-5.015227620236574e-07,30.0,0.0,120.0,[1. 0. 0.],[ 0. -1.  0.],[ 0.  0. -1.],0.183732301355505,0.20386279639870963,0.02034750463192327
1,-24.98121583377963,-14.988606519390427,84.93483038995647,3.1415900677109083,-5.119488145449913e-06,-7.514744959821772e-07,24.983488826310065,14.986016387260088,-34.91466548309137,-7.969921498244847e-05,-7.40033654156305e-05,5.96250435137821e-07,-25.0,-15.0,85.0,[1. 0. 0.],[ 0. -1.  0.],[ 0.  0. -1.],0.07921886312410464,0.06877202442674957,0.02034750463192327
1,-0.00400355780047135,0.004164255966921821,50.0195102906674,3.1415103685515064,-7.912291343672748e-05,-1.5481604161296973e-07,0.0,0.0,0.0,0.0,-0.0,0.0,0.0,0.0,50.0,[1. 0. 0.],[ 0. -1.  0.],[ 0.  0. -1.],0.0,0.01951062423226091,0.02034750463192327
1,29.53431536253123,-0.00020894251932412019,120.32538654259038,-3.1415926236542546,-0.004302726346324503,-7.474085361582925e-09,-30.046260698196683,-0.005516400185583167,-70.18006176679084,-8.231567620668383e-05,0.004223603418925814,-5.015227620236574e-07,30.0,0.0,120.0,[1. 0. 0.],[ 0. -1.  0.],[ 0.  0. -1.],0.183732301355505,0.20386279639870963,0.02034750463192327
1,-24.98121583377963,-14.988606519390427,84.93483038995647,3.1415900677109083,-5.119488145449913e-06,-7.514744959821772e-07,24.983488826310065,14.986016387260088,-34.91466548309137,-7.969921498244847e-05,-7.40033654156305e-05,5.96250435137821e-07,-25.0,-15.0,85.0,[1. 0. 0.],[ 0. -1.  0.],[ 0.  0. -1.],0.07921886312410464,0.06877202442674957,0.02034750463192327
1,-0.00400355780047135,0.004164255966921821,50.0195102906674,3.1415103685515064,-7.912291343672748e-05,-1.5481604161296973e-07,0.0,0.0,0.0,0.0,-0.0,0.0,0.0,0.0,50.0,[1. 0. 0.],[ 0. -1.  0.],[ 0.  0. -1.],0.0,0.01951062423226091,0.02034750463192327
1,29.53431536253123,-0.00020894251932412019,120.32538654259038,-3.1415926236542546,-0.004302726346324503,-7.474085361582925e-09,-30.046260698196683,-0.005516400185583167,-70.18006176679084,-8.231567620668383e-05,0.004223603418925814,-5.015227620236574e-07,30.0,0.0,120.0,[1. 0. 0.],[ 0. -1.  0.],[ 0.  0. -1.],0.183732301355505,0.20386279639870963,0.02034750463192327
1,-24.98121583377963,-14.988606519390427,84.93483038995647,3.1415900677109083,-5.119488145449913e-06,-7.514744959821772e-07,24.983488826310065,14.986016387260088,-34.91466548309137,-7.969921498244847e-05,-7.40033654156305e-05,5.96250435137821e-07,-25.0,-15.0,85.0,[1. 0. 0.],[ 0. -1.  0.],[ 0.  0. -1.],0.07921886312410464,0.06877202442674957,0.02034750463192327
1,-0.00400355780047135,0.004164255966921821,50.0195102906674,3.1415103685515064,-7.912291343672748e-05,-1.5481604161296973e-07,0.0,0.0,0.0,0.0,-0.0,0.0,0.0,0.0,50.0,[1. 0. 0.],[ 0. -1.  0.],[ 0.  0. -1.],0.0,0.01951062423226091,0.02034750463192327
1,29.53431536253123,-0.00020894251932412019,120.32538654259038,-3.1415926236542546,-0.004302726346324503,-7.474085361582925e-09,-30.046260698196683,-0.005516400185583167,-70.18006176679084,-8.231567620668383e-05,0.004223603418925814,-5.015227620236574e-07,30.0,0.0,120.0,[1. 0. 0.],[ 0. -1.  0.],[ 0.  0. -1.],0.183732301355505,0.20386279639870963,0.02034750463192327
1,-24.98121583377963,-14.988606519390427,84.93483038995647,3.1415900677109083,-5.119488145449913e-06,-7.514744959821772e-07,24.983488826310065,14.986016387260088,-34.91466548309137,-7.969921498244847e-05,-7.40033654156305e-05,5.96250435137821e-07,-25.0,-15.0,85.0,[1. 0. 0.],[ 0. -1.  0.],[ 0.  0. -1.],0.07921886312410464,0.06877202442674957,0.02034750463192327
1,-0.00400355780047135,0.004164255966921821,50.0195102906674,3.1415103685515064,-7.912291343672748e-05,-1.5481604161296973e-07,0.0,0.0,0.0,0.0,-0.0,0.0,0.0,0.0,50.0,[1. 0. 0.],[ 0. -1.  0.],[ 0.  0. -1.],0.0,0.01951062423226091,0.02034750463192327
1,29.53431536253123,-0.00020894251932412019,120.32538654259038,-3.1415926236542546,-0.004302726346324503,-7.474085361582925e-09,-30.046260698196683,-0.005516400185583167,-70.18006176679084,-8.231567620668383e-05,0.004223603418925814,-5.015227620236574e-07,30.0,0.0,120.0,[1. 0. 0.],[ 0. -1.  0.],[ 0.  0. -1.],0.183732301355505,0.20386279639870963,0.02034750463192327
1,-24.98121583377963,-14.988606519390427,84.93483038995647,3.1415900677109083,-5.119488145449913e-06,-7.514744959821772e-07,24.983488826310065,14.986016387260088,-34.91466548309137,-7.969921498244847e-05,-7.40033654156305e-05,5.96250435137821e-07,-25.0,-15.0,85.0,[1. 0. 0.],[ 0. -1.  0.],[ 0.  0. -1.],0.07921886312410464,0.06877202442674957,0.02034750463192327
1,-0.00400355780047135,0.004164255966921821,50.0195102906674,3.1415103685515064,-7.912291343672748e-05,-1.5481604161296973e-07,0.0,0.0,0.0,0.0,-0.0,0.0,0.0,0.0,50.0,[1. 0. 0.],[ 0. -1.  0.],[ 0.  0. -1.],0.0,0.01951062423226091,0.02034750463192327
1,29.53431536253123,-0.00020894251932412019,120.32538654259038,-3.1415926236542546,-0.004302726346324503,-7.474085361582925e-09,-30.046260698196683,-0.005516400185583167,-70.18006176679084,-8.231567620668383e-05,0.004223603418925814,-5.015227620236574e-07,30.0,0.0,120.0,[1. 0. 0.],[ 0. -1.  0.],[ 0.  0. -1.],0.183732301355505,0.20386279639870963,0.02034750463192327
1,-24.98121583377963,-14.988606519390427,84.93483038995647,3.1415900677109083,-5.119488145449913e-06,-7.514744959821772e-07,24.983488826310065,14.986016387260088,-34.91466548309137,-7.969921498244847e-05,-7.40033654156305e-05,5.96250435137821e-07,-25.0,-15.0,85.0,[1. 0. 0.],[ 0. -1.  0.],[ 0.  0. -1.],0.07921886312410464,0.06877202442674957,0.02034750463192327
1,-0.00400355780047135,0.004164255966921821,50.0195102906674,3.1415103685515064,-7.912291343672748e-05,-1.5481604161296973e-07,0.0,0.0,0.0,0.0,-0.0,0.0,0.0,0.0,50.0,[1. 0. 0.],[ 0. -1.  0.],[ 0.  0. -1.],0.0,0.01951062423226091,0.02034750463192327
1,29.53431536253123,-0.00020894251932412019,120.32538654259038,-3.1415926236542546,-0.004302726346324503,-7.474085361582925e-09,-30.046260698196683,-0.005516400185583167,-70.18006176679084,-8.231567620668383e-05,0.004223603418925814,-5.015227620236574e-07,30.0,0.0,120.0,[1. 0. 0.],[ 0. -1.  0.],[ 0.  0. -1.],0.183732301355505,0.20386279639870963,0.02034750463192327
1,-24.98121583377963,-14.988606519390427,84.93483038995647,3.1415900677109083,-5.119488145449913e-06,-7.514744959821772e-07,24.983488826310065,14.986016387260088,-34.91466548309137,-7.969921498244847e-05,-7.40033654156305e-05,5.96250435137821e-07,-25.0,-15.0,85.0,[1. 0. 0.],[ 0. -1.  0.],[ 0.  0. -1.],0.07921886312410464,0.06877202442674957,0.02034750463192327
1,-0.00400355780047135,0.004164255966921821,50.0195102906674,3.1415103685515064,-7.912291343672748e-05,-1.5481604161296973e-07,0.0,0.0,0.0,0.0,-0.0,0.0,0.0,0.0,50.0,[1. 0. 0.],[ 0. -1.  0.],[ 0.  0. -1.],0.0,0.01951062423226091,0.02034750463192327
1,29.53431536253123,-0.00020894251932412019,120.32538654259038,-3.1415926236542546,-0.004302726346324503,-7.474085361582925e-09,-30.046260698196683,-0.005516400185583167,-70.18006176679084,-8.231567620668383e-05,0.004223603418925814,-5.015227620236574e-07,30.0,0.0,120.0,[1. 0. 0.],[ 0. -1.  0.],[ 0.  0. -1.],0.183732301355505,0.20386279639870963,0.02034750463192327
1,-24.98121583377963,-14.988606519390427,84.93483038995647,3.1415900677109083,-5.119488145449913e-06,-7.514744959821772e-07,24.983488826310065,14.986016387260088,-34.91466548309137,-7.969921498244847e-05,-7.40033654156305e-05,5.96250435137821e-07,-25.0,-15.0,85.0,[1. 0. 0.],[ 0. -1.  0.],[ 0.  0. -1.],0.07921886312410464,0.06877202442674957,0.02034750463192327
1,-0.00400355780047135,0.004164255966921821,50.0195102906674,3.1415103685515064,-7.912291343672748e-05,-1.5481604161296973e-07,0.0,0.0,0.0,0.0,-0.0,0.0,0.0,0.0,50.0,[1. 0. 0.],[ 0. -1.  0.],[ 0.  0. -1.],0.0,0.01951062423226091,0.02034750463192327
1,29.53431536253123,-0.00020894251932412019,120.32538654259038,-3.1415926236542546,-0.004302726346324503,-7.474085361582925e-09,-30.046260698196683,-0.005516400185583167,-70.18006176679084,-8.231567620668383e-05,0.004223603418925814,-5.015227620236574e-07,30.0,0.0,120.0,[1. 0. 0.],[ 0. -1.  0.],[ 0.  0. -1.],0.183732301355505,0.20386279639870963,0.02034750463192327
1,-24.98121583377963,-14.988606519390427,84.93483038995647,3.1415900677109083,-5.119488145449913e-06,-7.514744959821772e-07,24.983488826310065,14.986016387260088,-34.91466548309137,-7.969921498244847e-05,-7.40033654156305e-05,5.96250435137821e-07,-25.0,-15.0,85.0,[1. 0. 0.],[ 0. -1.  0.],[ 0.  0. -1.],0.07921886312410464,0.06877202442674957,0.02034750463192327
1,3.656350849823615e-05,3.2490229185885234e-07,52.01403537041916,-3.141592653517163,6.839918615218122e-07,9.863048730511537e-08,0.0,0.0,0.0,0.0,-0.0,0.0,0.0,0.0,52.0,[1. 0. 0.],[ 0. -1.  0.],[ 0.  0. -1.],0.0,0.014035370432011973,0.014035418048590419
1,29.483179168144204,-0.0032837313214684246,122.35714740230773,-3.1415671061431105,-0.004614969055122825,-3.198560269749056e-06,-30.047584691935377,6.439442544481904e-05,-70.20572506936873,-2.5532882639359857e-05,0.00461565312717039,3.179323649712752e-06,30.0,0.0,122.0,[1. 0. 0.],[ 0. -1.  0.],[ 0.  0. -1.],0.20784576996362603,0.22477468679461765,0.014035418048590419
1,-25.011252858950517,-15.01359190718357,87.06114123643815,-3.141540569462945,8.559112975771857e-05,1.5276409414265887e-05,25.01890931462832,15.00867820977323,-35.045763729580514,-5.208275732400074e-05,-8.490793342753442e-05,-1.5173321028255237e-05,-25.0,-15.0,87.0,[1. 0. 0.],[ 0. -1.  0.],[ 0.  0. -1.],0.048398182268719836,0.06326090788797956,0.014035418048590419
1,0.0004852376095414848,-0.00048523750928419204,54.020651857873446,-3.141587488669525,5.164922101840408e-06,1.4075462876278823e-11,0.0,0.0,0.0,0.0,-0.0,0.0,0.0,0.0,54.0,[1. 0. 0.],[ 0. -1.  0.],[ 0.  0. -1.],0.0,0.02065186223206439,0.02066325590519168
1,29.966649000958633,-0.018438909208607312,123.89754840144815,-3.1414490055608146,-8.377842669964693e-05,-1.503508007389488e-05,-29.97718378151599,0.00034575025632030767,-69.87423202244838,-0.00013848177197050998,8.894543009273078e-05,1.5023492167695543e-05,30.0,0.0,124.0,[1. 0. 0.],[ 0. -1.  0.],[ 0.  0. -1.],0.12458043532299712,0.1074196560344376,0.02066325590519168
1,-24.78716575403152,-15.154341836059896,89.08879498530578,-3.140096930923173,0.0024858897545208068,0.0004237567752059682,25.014998674239347,15.010635021242027,-35.02883685846791,-0.0014895109752065699,-0.0024813534837888765,-0.00042005222650264056,-25.0,-15.0,89.0,[1. 0. 0.],[ 0. -1.  0.],[ 0.  0. -1.],0.03388874960594279,0.05268498500892349,0.02066325590519168
1,0.0004852376095414848,-0.00048523750928419204,54.020651857873446,-3.141587488669525,5.164922101840408e-06,1.4075462876278823e-11,0.0,0.0,0.0,0.0,-0.0,0.0,0.0,0.0,54.0,[1. 0. 0.],[ 0. -1.  0.],[ 0.  0. -1.],0.0,0.02065186223206439,0.02066325590519168
1,29.966649000958633,-0.018438909208607312,123.89754840144815,-3.1414490055608146,-8.377842669964693e-05,-1.503508007389488e-05,-29.97718378151599,0.00034575025632030767,-69.87423202244838,-0.00013848177197050998,8.894543009273078e-05,1.5023492167695543e-05,30.0,0.0,124.0,[1. 0. 0.],[ 0. -1.  0.],[ 0.  0. -1.],0.12458043532299712,0.1074196560344376,0.02066325590519168
1,-24.78716575403152,-15.154341836059896,89.08879498530578,-3.140096930923173,0.0024858897545208068,0.0004237567752059682,25.014998674239347,15.010635021242027,-35.02883685846791,-0.0014895109752065699,-0.0024813534837888765,-0.00042005222650264056,-25.0,-15.0,89.0,[1. 0. 0.],[ 0. -1.  0.],[ 0.  0. -1.],0.03388874960594279,0.05268498500892349,0.02066325590519168
1,0.0004852376095414848,-0.00048523750928419204,54.020651857873446,-3.141587488669525,5.164922101840408e-06,1.4075462876278823e-11,0.0,0.0,0.0,0.0,-0.0,0.0,0.0,0.0,54.0,[1. 0. 0.],[ 0. -1.  0.],[ 0.  0. -1.],0.0,0.02065186223206439,0.02066325590519168
1,29.966649000958633,-0.018438909208607312,123.89754840144815,-3.1414490055608146,-8.377842669964693e-05,-1.503508007389488e-05,-29.97718378151599,0.00034575025632030767,-69.87423202244838,-0.00013848177197050998,8.894543009273078e-05,1.5023492167695543e-05,30.0,0.0,124.0,[1. 0. 0.],[ 0. -1.  0.],[ 0.  0. -1.],0.12458043532299712,0.1074196560344376,0.02066325590519168
1,-24.78716575403152,-15.154341836059896,89.08879498530578,-3.140096930923173,0.0024858897545208068,0.0004237567752059682,25.014998674239347,15.010635021242027,-35.02883685846791,-0.0014895109752065699,-0.0024813534837888765,-0.00042005222650264056,-25.0,-15.0,89.0,[1. 0. 0.],[ 0. -1.  0.],[ 0.  0. -1.],0.03388874960594279,0.05268498500892349,0.02066325590519168
1,0.0004852376095414848,-0.00048523750928419204,54.020651857873446,-3.141587488669525,5.164922101840408e-06,1.4075462876278823e-11,0.0,0.0,0.0,0.0,-0.0,0.0,0.0,0.0,54.0,[1. 0. 0.],[ 0. -1.  0.],[ 0.  0. -1.],0.0,0.02065186223206439,0.02066325590519168
1,29.966649000958633,-0.018438909208607312,123.89754840144815,-3.1414490055608146,-8.377842669964693e-05,-1.503508007389488e-05,-29.97718378151599,0.00034575025632030767,-69.87423202244838,-0.00013848177197050998,8.894543009273078e-05,1.5023492167695543e-05,30.0,0.0,124.0,[1. 0. 0.],[ 0. -1.  0.],[ 0.  0. -1.],0.12458043532299712,0.1074196560344376,0.02066325590519168
1,-24.78716575403152,-15.154341836059896,89.08879498530578,-3.140096930923173,0.0024858897545208068,0.0004237567752059682,25.014998674239347,15.010635021242027,-35.02883685846791,-0.0014895109752065699,-0.0024813534837888765,-0.00042005222650264056,-25.0,-15.0,89.0,[1. 0. 0.],[ 0. -1.  0.],[ 0.  0. -1.],0.03388874960594279,0.05268498500892349,0.02066325590519168
1,1.9927771180365468,-0.002321427096296839,54.01924932329268,-3.141553925675187,-0.00013647405600476315,-2.97325374657165e-06,0.0,0.0,0.0,0.0,-0.0,0.0,2.0,0.0,54.0,[1. 0. 0.],[ 0. -1.  0.],[ 0.  0. -1.],0.0,0.018969435018462377,0.02069046869569793
1,29.966649000958633,-0.018438909208607312,123.89754840144815,-3.1414490055608146,-8.377842669964693e-05,-1.503508007389488e-05,-29.97718378151599,0.00034575025632030767,-69.87423202244838,-0.00013848177197050998,8.894543009273078e-05,1.5023492167695543e-05,2.0,0.0,54.0,[1. 0. 0.],[ 0. -1.  0.],[ 0.  0. -1.],0.12458043532299712,0.5924769341549165,0.02069046869569793
1,-22.78054218465668,-15.168006107818291,89.07893164285574,-3.1399301581905346,0.0025025350321095743,0.00042752218839647605,25.014850351034095,15.011305313364629,-35.023733164374,-0.0016226447407745295,-0.0026396997465298207,-0.00042643282488795777,-23.0,-15.0,89.0,[1. 0. 0.],[ 0. -1.  0.],[ 0.  0. -1.],0.030106471405716206,0.04871822984260632,0.02069046869569793
1,1.9927771180365468,-0.002321427096296839,54.01924932329268,-3.141553925675187,-0.00013647405600476315,-2.97325374657165e-06,0.0,0.0,0.0,0.0,-0.0,0.0,2.0,0.0,54.0,[1. 0. 0.],[ 0. -1.  0.],[ 0.  0. -1.],0.0,0.018969435018462377,0.02069046869569793
1,29.966649000958633,-0.018438909208607312,123.89754840144815,-3.1414490055608146,-8.377842669964693e-05,-1.503508007389488e-05,-29.97718378151599,0.00034575025632030767,-69.87423202244838,-0.00013848177197050998,8.894543009273078e-05,1.5023492167695543e-05,2.0,0.0,54.0,[1. 0. 0.],[ 0. -1.  0.],[ 0.  0. -1.],0.12458043532299712,0.5924769341549165,0.02069046869569793
1,-22.78054218465668,-15.168006107818291,89.07893164285574,-3.1399301581905346,0.0025025350321095743,0.00042752218839647605,25.014850351034095,15.011305313364629,-35.023733164374,-0.0016226447407745295,-0.0026396997465298207,-0.00042643282488795777,-23.0,-15.0,89.0,[1. 0. 0.],[ 0. -1.  0.],[ 0.  0. -1.],0.030106471405716206,0.04871822984260632,0.02069046869569793
1,1.9927771180365468,-0.002321427096296839,54.01924932329268,-3.141553925675187,-0.00013647405600476315,-2.97325374657165e-06,0.0,0.0,0.0,0.0,-0.0,0.0,2.0,0.0,54.0,[1. 0. 0.],[ 0. -1.  0.],[ 0.  0. -1.],0.0,0.018969435018462377,0.02069046869569793
1,29.966649000958633,-0.018438909208607312,123.89754840144815,-3.1414490055608146,-8.377842669964693e-05,-1.503508007389488e-05,-29.97718378151599,0.00034575025632030767,-69.87423202244838,-0.00013848177197050998,8.894543009273078e-05,1.5023492167695543e-05,2.0,0.0,54.0,[1. 0. 0.],[ 0. -1.  0.],[ 0.  0. -1.],0.12458043532299712,0.5924769341549165,0.02069046869569793
1,-22.78054218465668,-15.168006107818291,89.07893164285574,-3.1399301581905346,0.0025025350321095743,0.00042752218839647605,25.014850351034095,15.011305313364629,-35.023733164374,-0.0016226447407745295,-0.0026396997465298207,-0.00042643282488795777,-23.0,-15.0,89.0,[1. 0. 0.],[ 0. -1.  0.],[ 0.  0. -1.],0.030106471405716206,0.04871822984260632,0.02069046869569793
1,2.001639340050015,-0.002912036780266419,54.01928097804397,-3.141540609703684,1.4970703114599375e-05,0.017453298600360753,0.0,0.0,0.0,0.0,-0.0,0.0,2.0,0.0,54.0,[1. 0. 0.],[ 0. -1.  0.],[ 0.  0. -1.],0.0,0.019328528409822354,0.01956843142261679
1,29.966649000958633,-0.018438909208607312,123.89754840144815,-3.1414490055608146,-8.377842669964693e-05,-1.503508007389488e-05,-29.97718378151599,0.00034575025632030767,-69.87423202244838,-0.00013848177197050998,8.894543009273078e-05,1.5023492167695543e-05,2.0,0.0,54.0,[1. 0. 0.],[ 0. -1.  0.],[ 0.  0. -1.],0.12458043532299712,0.5924769341549165,0.01956843142261679
1,-22.94921724871911,-14.859012819889854,89.07723510386586,3.139996926412591,0.0007300033662828085,0.01729387520151481,25.009604462955103,15.007579634435345,-35.01739308804799,0.001659890121951367,-0.0006864298288071568,0.0001582399261255191,-23.0,-15.0,89.0,[1. 0. 0.],[ 0. -1.  0.],[ 0.  0. -1.],0.021129187214604883,0.03870074660024159,0.01956843142261679
1,2.001695586694681,-0.0038755867395295317,54.01922691168058,-3.141522658042086,1.4217193133426504e-05,0.03491039705430099,0.0,0.0,0.0,0.0,-0.0,0.0,2.0,0.0,54.0,[1. 0. 0.],[ 0. -1.  0.],[ 0.  0. -1.],0.0,0.01927664239411797,0.019686780325589546
1,29.966649000958633,-0.018438909208607312,123.89754840144815,-3.1414490055608146,-8.377842669964693e-05,-1.503508007389488e-05,-29.97718378151599,0.00034575025632030767,-69.87423202244838,-0.00013848177197050998,8.894543009273078e-05,1.5023492167695543e-05,2.0,0.0,54.0,[1. 0. 0.],[ 0. -1.  0.],[ 0.  0. -1.],0.12458043532299712,0.5924769341549165,0.019686780325589546
1,-23.000053321460573,-15.01992020285412,89.01399800566833,-3.1414079258353884,3.017406231550014e-05,0.034931815634475345,25.003846561320273,15.005394997595642,-34.99602539774111,-0.00011410492482949813,-1.9954123692232576e-05,-2.141489518909508e-05,-23.0,-15.0,89.0,[1. 0. 0.],[ 0. -1.  0.],[ 0.  0. -1.],0.0008324671728061617,0.016598839077559546,0.019686780325589546
1,1.9959737586386577,0.0027044216202266875,54.01949813827263,3.1415367190588195,-8.569493805038585e-05,0.05236051648503963,0.0,0.0,0.0,0.0,-0.0,0.0,2.0,0.0,54.0,[1. 0. 0.],[ 0. -1.  0.],[ 0.  0. -1.],0.0,0.019336036846425486,0.02009233465524527
1,29.966649000958633,-0.018438909208607312,123.89754840144815,-3.1414490055608146,-8.377842669964693e-05,-1.503508007389488e-05,-29.97718378151599,0.00034575025632030767,-69.87423202244838,-0.00013848177197050998,8.894543009273078e-05,1.5023492167695543e-05,2.0,0.0,54.0,[1. 0. 0.],[ 0. -1.  0.],[ 0.  0. -1.],0.12458043532299712,0.5924769341549165,0.02009233465524527
1,-22.997678921648937,-15.003424022366499,89.01917213424436,3.1415841342436397,6.700083601197669e-05,0.05243660380223225,25.0085890880504,15.000874944935404,-34.99669922096357,-3.9346834703113105e-05,-0.00015497104818225398,-7.608471157467052e-05,-23.0,-15.0,89.0,[1. 0. 0.],[ 0. -1.  0.],[ 0.  0. -1.],0.002464801420423157,0.018298542607610102,0.02009233465524527
1,2.001695586694681,-0.0038755867395295317,54.01922691168058,-3.141522658042086,1.4217193133426504e-05,0.03491039705430099,0.0,0.0,0.0,0.0,-0.0,0.0,2.0,0.0,54.0,[1. 0. 0.],[ 0. -1.  0.],[ 0.  0. -1.],0.0,0.01927664239411797,0.019686780325589546
1,29.966649000958633,-0.018438909208607312,123.89754840144815,-3.1414490055608146,-8.377842669964693e-05,-1.503508007389488e-05,-29.97718378151599,0.00034575025632030767,-69.87423202244838,-0.00013848177197050998,8.894543009273078e-05,1.5023492167695543e-05,2.0,0.0,54.0,[1. 0. 0.],[ 0. -1.  0.],[ 0.  0. -1.],0.12458043532299712,0.5924769341549165,0.019686780325589546
1,-23.000053321460573,-15.01992020285412,89.01399800566833,-3.1414079258353884,3.017406231550014e-05,0.034931815634475345,25.003846561320273,15.005394997595642,-34.99602539774111,-0.00011410492482949813,-1.9954123692232576e-05,-2.141489518909508e-05,-23.0,-15.0,89.0,[1. 0. 0.],[ 0. -1.  0.],[ 0.  0. -1.],0.0008324671728061617,0.016598839077559546,0.019686780325589546
1,2.001639340050015,-0.002912036780266419,54.01928097804397,-3.141540609703684,1.4970703114599375e-05,0.017453298600360753,0.0,0.0,0.0,0.0,-0.0,0.0,2.0,0.0,54.0,[1. 0. 0.],[ 0. -1.  0.],[ 0.  0. -1.],0.0,0.019328528409822354,0.01956843142261679
1,29.966649000958633,-0.018438909208607312,123.89754840144815,-3.1414490055608146,-8.377842669964693e-05,-1.503508007389488e-05,-29.97718378151599,0.00034575025632030767,-69.87423202244838,-0.00013848177197050998,8.894543009273078e-05,1.5023492167695543e-05,2.0,0.0,54.0,[1. 0. 0.],[ 0. -1.  0.],[ 0.  0. -1.],0.12458043532299712,0.5924769341549165,0.01956843142261679
1,-22.94921724871911,-14.859012819889854,89.07723510386586,3.139996926412591,0.0007300033662828085,0.01729387520151481,25.009604462955103,15.007579634435345,-35.01739308804799,0.001659890121951367,-0.0006864298288071568,0.0001582399261255191,-23.0,-15.0,89.0,[1. 0. 0.],[ 0. -1.  0.],[ 0.  0. -1.],0.021129187214604883,0.03870074660024159,0.01956843142261679
1,2.006258154074589,0.002581631752063368,54.0189770407141,3.141241151074357,-0.017349111805852833,0.017445569513516283,0.0,0.0,0.0,0.0,-0.0,0.0,2.0,0.0,54.0,[1. 0. 0.],[ 0. -1.  0.],[ 0.  0. -1.],0.0,0.01919600967291757,0.02014838428233969
1,29.966649000958633,-0.018438909208607312,123.89754840144815,-3.1414490055608146,-8.377842669964693e-05,-1.503508007389488e-05,-29.97718378151599,0.00034575025632030767,-69.87423202244838,-0.00013848177197050998,8.894543009273078e-05,1.5023492167695543e-05,2.0,0.0,54.0,[1. 0. 0.],[ 0. -1.  0.],[ 0.  0. -1.],0.12458043532299712,0.5924769341549165,0.02014838428233969
1,-22.98150439781117,-14.918227312274722,89.04203048116231,3.140316566150209,-0.01717731316504389,0.01754794730903248,25.002908660792624,15.001383898603498,-35.00560517547667,0.0009273181526019848,-0.0001555582387154147,-8.64894070910994e-05,-23.0,-15.0,89.0,[1. 0. 0.],[ 0. -1.  0.],[ 0.  0. -1.],0.006356889220036521,0.02247021797028026,0.02014838428233969
1,1.9989623869560955,-0.004983852405852996,54.01935654172806,3.1410724059531043,-0.034935713402183564,0.017449560736679894,0.0,0.0,0.0,0.0,-0.0,0.0,2.0,0.0,54.0,[1. 0. 0.],[ 0. -1.  0.],[ 0.  0. -1.],0.0,0.01930513368115072,0.020014772876609282
1,29.966649000958633,-0.018438909208607312,123.89754840144815,-3.1414490055608146,-8.377842669964693e-05,-1.503508007389488e-05,-29.97718378151599,0.00034575025632030767,-69.87423202244838,-0.00013848177197050998,8.894543009273078e-05,1.5023492167695543e-05,2.0,0.0,54.0,[1. 0. 0.],[ 0. -1.  0.],[ 0.  0. -1.],0.12458043532299712,0.5924769341549165,0.020014772876609282
1,-22.968905619046634,-14.920793800366354,89.05102403552132,3.140101648097827,-0.034432447719664014,0.01730163415829141,25.008452442701632,15.007132537230762,-35.00583833940248,0.0009787275884419815,-0.00048642195681936534,0.0001813516381182363,-23.0,-15.0,89.0,[1. 0. 0.],[ 0. -1.  0.],[ 0.  0. -1.],0.011471828287987762,0.028370238503043765,0.020014772876609282
1,1.9958995851079466,-0.01556226430847912,54.01939378951389,3.1409602923108815,-0.052446128935302046,0.017449879307773707,0.0,0.0,0.0,0.0,-0.0,0.0,2.0,0.0,54.0,[1. 0. 0.],[ 0. -1.  0.],[ 0.  0. -1.],0.0,0.01923119297285325,0.025201518692399245
1,29.966649000958633,-0.018438909208607312,123.89754840144815,-3.1414490055608146,-8.377842669964693e-05,-1.503508007389488e-05,-29.97718378151599,0.00034575025632030767,-69.87423202244838,-0.00013848177197050998,8.894543009273078e-05,1.5023492167695543e-05,2.0,0.0,54.0,[1. 0. 0.],[ 0. -1.  0.],[ 0.  0. -1.],0.12458043532299712,0.5924769341549165,0.025201518692399245
1,-23.019627162585326,-15.002261070867334,89.01021858881677,3.140735568925926,-0.05248957297939392,0.01722771616704607,25.00780137651415,15.011988160211887,-34.98855635738597,0.0002236327108742748,4.7302230748247104e-05,0.00023395377401033853,-23.0,-15.0,89.0,[1. 0. 0.],[ 0. -1.  0.],[ 0.  0. -1.],0.0005617690940837861,0.014976757849268552,0.025201518692399245
1,2.0021751070241622,-0.00527569392723367,54.01920911871974,3.140468453995589,-0.06977724944952036,0.017486234940226743,0.0,0.0,0.0,0.0,-0.0,0.0,2.0,0.0,54.0,[1. 0. 0.],[ 0. -1.  0.],[ 0.  0. -1.],0.0,0.019276738835294793,0.020038819300787013
1,29.966649000958633,-0.018438909208607312,123.89754840144815,-3.1414490055608146,-8.377842669964693e-05,-1.503508007389488e-05,-29.97718378151599,0.00034575025632030767,-69.87423202244838,-0.00013848177197050998,8.894543009273078e-05,1.5023492167695543e-05,2.0,0.0,54.0,[1. 0. 0.],[ 0. -1.  0.],[ 0.  0. -1.],0.12458043532299712,0.5924769341549165,0.020038819300787013
1,-23.02010894853517,-14.981638509506826,89.01269944874261,3.1401265080200487,-0.06999636947755813,0.017550334722031064,25.002853857065055,15.005454226382247,-34.99361206947253,0.0003372159837836016,0.00022506855982662343,-4.0183768319022795e-05,-23.0,-15.0,89.0,[1. 0. 0.],[ 0. -1.  0.],[ 0.  0. -1.],0.0015469368125806682,0.01414741511540285,0.020038819300787013
1,1.9943737271340287,-0.011603461554638575,54.01969700998121,3.1402765487262987,-0.08737346719690811,0.017481558054665114,0.0,0.0,0.0,0.0,-0.0,0.0,2.0,0.0,54.0,[1. 0. 0.],[ 0. -1.  0.],[ 0.  0. -1.],0.0,0.019476895055490218,0.023542885732463176
1,29.966649000958633,-0.018438909208607312,123.89754840144815,-3.1414490055608146,-8.377842669964693e-05,-1.503508007389488e-05,-29.97718378151599,0.00034575025632030767,-69.87423202244838,-0.00013848177197050998,8.894543009273078e-05,1.5023492167695543e-05,2.0,0.0,54.0,[1. 0. 0.],[ 0. -1.  0.],[ 0.  0. -1.],0.12458043532299712,0.5924769341549165,0.023542885732463176
1,-22.98621809492979,-14.905040049577583,89.04938554837862,3.13894845755497,-0.08700277588540341,0.017634903376002126,25.012087288964082,15.010928818995499,-35.00180541497424,0.0013293574672409696,-0.0003473797970854421,-3.7929074511459085e-05,-23.0,-15.0,89.0,[1. 0. 0.],[ 0. -1.  0.],[ 0.  0. -1.],0.011619297102392068,0.028552237337535757,0.023542885732463176
1,1.998499986139195,-0.012247172737837937,54.01953273905625,3.1399813182633745,-0.104749220808299,0.01750547140514117,0.0,0.0,0.0,0.0,-0.0,0.0,2.0,0.0,54.0,[1. 0. 0.],[ 0. -1.  0.],[ 0.  0. -1.],0.0,0.01946527091895689,0.023103488409598544
1,29.966649000958633,-0.018438909208607312,123.89754840144815,-3.1414490055608146,-8.377842669964693e-05,-1.503508007389488e-05,-29.97718378151599,0.00034575025632030767,-69.87423202244838,-0.00013848177197050998,8.894543009273078e-05,1.5023492167695543e-05,2.0,0.0,54.0,[1. 0. 0.],[ 0. -1.  0.],[ 0.  0. -1.],0.12458043532299712,0.5924769341549165,0.023103488409598544
1,-22.982740254049997,-14.933245198385173,89.04137268127782,3.1389904960475215,-0.10441520992424963,0.017540990583483275,25.0084182788557,15.010798644554226,-34.99971217596471,0.0009910992684966993,-0.00031672652057555334,6.775746945874024e-05,-23.0,-15.0,89.0,[1. 0. 0.],[ 0. -1.  0.],[ 0.  0. -1.],0.00795435671981437,0.024552413551973018,0.023103488409598544
1,1.998499986139195,-0.012247172737837937,54.01953273905625,3.1399813182633745,-0.104749220808299,0.01750547140514117,0.0,0.0,0.0,0.0,-0.0,0.0,2.0,0.0,54.0,[1. 0. 0.],[ 0. -1.  0.],[ 0.  0. -1.],0.0,0.01946527091895689,0.023103488409598544
1,29.966649000958633,-0.018438909208607312,123.89754840144815,-3.1414490055608146,-8.377842669964693e-05,-1.503508007389488e-05,-29.97718378151599,0.00034575025632030767,-69.87423202244838,-0.00013848177197050998,8.894543009273078e-05,1.5023492167695543e-05,2.0,0.0,54.0,[1. 0. 0.],[ 0. -1.  0.],[ 0.  0. -1.],0.12458043532299712,0.5924769341549165,0.023103488409598544
1,-22.982740254049997,-14.933245198385173,89.04137268127782,3.1389904960475215,-0.10441520992424963,0.017540990583483275,25.0084182788557,15.010798644554226,-34.99971217596471,0.0009910992684966993,-0.00031672652057555334,6.775746945874024e-05,-23.0,-15.0,89.0,[1. 0. 0.],[ 0. -1.  0.],[ 0.  0. -1.],0.00795435671981437,0.024552413551973018,0.023103488409598544
1,1.9943737271340287,-0.011603461554638575,54.01969700998121,3.1402765487262987,-0.08737346719690811,0.017481558054665114,0.0,0.0,0.0,0.0,-0.0,0.0,2.0,0.0,54.0,[1. 0. 0.],[ 0. -1.  0.],[ 0.  0. -1.],0.0,0.019476895055490218,0.023542885732463176
1,29.966649000958633,-0.018438909208607312,123.89754840144815,-3.1414490055608146,-8.377842669964693e-05,-1.503508007389488e-05,-29.97718378151599,0.00034575025632030767,-69.87423202244838,-0.00013848177197050998,8.894543009273078e-05,1.5023492167695543e-05,2.0,0.0,54.0,[1. 0. 0.],[ 0. -1.  0.],[ 0.  0. -1.],0.12458043532299712,0.5924769341549165,0.023542885732463176
1,-22.98621809492979,-14.905040049577583,89.04938554837862,3.13894845755497,-0.08700277588540341,0.017634903376002126,25.012087288964082,15.010928818995499,-35.00180541497424,0.0013293574672409696,-0.0003473797970854421,-3.7929074511459085e-05,-23.0,-15.0,89.0,[1. 0. 0.],[ 0. -1.  0.],[ 0.  0. -1.],0.011619297102392068,0.028552237337535757,0.023542885732463176
1,2.0021751070241622,-0.00527569392723367,54.01920911871974,3.140468453995589,-0.06977724944952036,0.017486234940226743,0.0,0.0,0.0,0.0,-0.0,0.0,2.0,0.0,54.0,[1. 0. 0.],[ 0. -1.  0.],[ 0.  0. -1.],0.0,0.019276738835294793,0.020038819300787013
1,29.966649000958633,-0.018438909208607312,123.89754840144815,-3.1414490055608146,-8.377842669964693e-05,-1.503508007389488e-05,-29.97718378151599,0.00034575025632030767,-69.87423202244838,-0.00013848177197050998,8.894543009273078e-05,1.5023492167695543e-05,2.0,0.0,54.0,[1. 0. 0.],[ 0. -1.  0.],[ 0.  0. -1.],0.12458043532299712,0.5924769341549165,0.020038819300787013
1,-23.02010894853517,-14.981638509506826,89.01269944874261,3.1401265080200487,-0.06999636947755813,0.017550334722031064,25.002853857065055,15.005454226382247,-34.99361206947253,0.0003372159837836016,0.00022506855982662343,-4.0183768319022795e-05,-23.0,-15.0,89.0,[1. 0. 0.],[ 0. -1.  0.],[ 0.  0. -1.],0.0015469368125806682,0.01414741511540285,0.020038819300787013
1,2.006209136197776,-0.007231440675031447,56.018187525925484,3.1405020545233775,-0.06970718131710059,0.01749996268198931,0.0,0.0,0.0,0.0,-0.0,0.0,2.0,0.0,56.0,[1. 0. 0.],[ 0. -1.  0.],[ 0.  0. -1.],0.0,0.018398293209358485,0.020533709013447234
1,29.966649000958633,-0.018438909208607312,123.89754840144815,-3.1414490055608146,-8.377842669964693e-05,-1.503508007389488e-05,-29.97718378151599,0.00034575025632030767,-69.87423202244838,-0.00013848177197050998,8.894543009273078e-05,1.5023492167695543e-05,2.0,0.0,56.0,[1. 0. 0.],[ 0. -1.  0.],[ 0.  0. -1.],0.12458043532299712,2.529992185497946,0.020533709013447234
1,-22.952154481965128,-14.872898190157185,91.07458992351033,3.1389396495705717,-0.06913510944420694,0.017514336496447635,25.006557082210566,15.010641414803137,-35.020446662716544,0.0015683921695517382,-0.0005447716040492019,9.35758464585073e-05,-23.0,-15.0,91.0,[1. 0. 0.],[ 0. -1.  0.],[ 0.  0. -1.],0.02281168396371669,0.03989282186988419,0.020533709013447234
1,2.0126087128633725,0.006642845781454797,58.018536129789375,3.1402613535487283,-0.0695967048536115,0.01752061761107109,0.0,0.0,0.0,0.0,-0.0,0.0,2.0,0.0,58.0,[1. 0. 0.],[ 0. -1.  0.],[ 0.  0. -1.],0.0,0.018961256797602744,0.023381512947540522
1,29.966649000958633,-0.018438909208607312,123.89754840144815,-3.1414490055608146,-8.377842669964693e-05,-1.503508007389488e-05,-29.97718378151599,0.00034575025632030767,-69.87423202244838,-0.00013848177197050998,8.894543009273078e-05,1.5023492167695543e-05,2.0,0.0,58.0,[1. 0. 0.],[ 0. -1.  0.],[ 0.  0. -1.],0.12458043532299712,4.469372205263085,0.023381512947540522
1,-23.057244806204935,-15.119370510333908,92.97094074533959,-3.1415858237355123,-0.07045372140330253,0.0175618853648357,24.994379310902644,14.997400687536572,-34.99191019353722,-0.0013497340314476078,0.0008333795406786961,-0.0001354564675178118,-23.0,-15.0,93.0,[1. 0. 0.],[ 0. -1.  0.],[ 0.  0. -1.],0.010158387127987112,0.004267894722289611,0.023381512947540522
1,2.0126087128633725,0.006642845781454797,58.018536129789375,3.1402613535487283,-0.0695967048536115,0.01752061761107109,0.0,0.0,0.0,0.0,-0.0,0.0,2.0,0.0,58.0,[1. 0. 0.],[ 0. -1.  0.],[ 0.  0. -1.],0.0,0.018961256797602744,0.023381512947540522
1,29.966649000958633,-0.018438909208607312,123.89754840144815,-3.1414490055608146,-8.377842669964693e-05,-1.503508007389488e-05,-29.97718378151599,0.00034575025632030767,-69.87423202244838,-0.00013848177197050998,8.894543009273078e-05,1.5023492167695543e-05,2.0,0.0,58.0,[1. 0. 0.],[ 0. -1.  0.],[ 0.  0. -1.],0.12458043532299712,4.469372205263085,0.023381512947540522
1,-23.057244806204935,-15.119370510333908,92.97094074533959,-3.1415858237355123,-0.07045372140330253,0.0175618853648357,24.994379310902644,14.997400687536572,-34.99191019353722,-0.0013497340314476078,0.0008333795406786961,-0.0001354564675178118,-23.0,-15.0,93.0,[1. 0. 0.],[ 0. -1.  0.],[ 0.  0. -1.],0.010158387127987112,0.004267894722289611,0.023381512947540522
1,2.0126087128633725,0.006642845781454797,58.018536129789375,3.1402613535487283,-0.0695967048536115,0.01752061761107109,0.0,0.0,0.0,0.0,-0.0,0.0,2.0,0.0,58.0,[1. 0. 0.],[ 0. -1.  0.],[ 0.  0. -1.],0.0,0.018961256797602744,0.023381512947540522
1,29.966649000958633,-0.018438909208607312,123.89754840144815,-3.1414490055608146,-8.377842669964693e-05,-1.503508007389488e-05,-29.97718378151599,0.00034575025632030767,-69.87423202244838,-0.00013848177197050998,8.894543009273078e-05,1.5023492167695543e-05,2.0,0.0,58.0,[1. 0. 0.],[ 0. -1.  0.],[ 0.  0. -1.],0.12458043532299712,4.469372205263085,0.023381512947540522
1,-23.057244806204935,-15.119370510333908,92.97094074533959,-3.1415858237355123,-0.07045372140330253,0.0175618853648357,24.994379310902644,14.997400687536572,-34.99191019353722,-0.0013497340314476078,0.0008333795406786961,-0.0001354564675178118,-23.0,-15.0,93.0,[1. 0. 0.],[ 0. -1.  0.],[ 0.  0. -1.],0.010158387127987112,0.004267894722289611,0.023381512947540522
1,2.0126087128633725,0.006642845781454797,58.018536129789375,3.1402613535487283,-0.0695967048536115,0.01752061761107109,0.0,0.0,0.0,0.0,-0.0,0.0,2.0,0.0,58.0,[1. 0. 0.],[ 0. -1.  0.],[ 0.  0. -1.],0.0,0.018961256797602744,0.023381512947540522
1,29.966649000958633,-0.018438909208607312,123.89754840144815,-3.1414490055608146,-8.377842669964693e-05,-1.503508007389488e-05,-29.97718378151599,0.00034575025632030767,-69.87423202244838,-0.00013848177197050998,8.894543009273078e-05,1.5023492167695543e-05,2.0,0.0,58.0,[1. 0. 0.],[ 0. -1.  0.],[ 0.  0. -1.],0.12458043532299712,4.469372205263085,0.023381512947540522
1,-23.057244806204935,-15.119370510333908,92.97094074533959,-3.1415858237355123,-0.07045372140330253,0.0175618853648357,24.994379310902644,14.997400687536572,-34.99191019353722,-0.0013497340314476078,0.0008333795406786961,-0.0001354564675178118,-23.0,-15.0,93.0,[1. 0. 0.],[ 0. -1.  0.],[ 0.  0. -1.],0.010158387127987112,0.004267894722289611,0.023381512947540522
1,2.0126087128633725,0.006642845781454797,58.018536129789375,3.1402613535487283,-0.0695967048536115,0.01752061761107109,0.0,0.0,0.0,0.0,-0.0,0.0,2.0,0.0,58.0,[1. 0. 0.],[ 0. -1.  0.],[ 0.  0. -1.],0.0,0.018961256797602744,0.023381512947540522
1,29.966649000958633,-0.018438909208607312,123.89754840144815,-3.1414490055608146,-8.377842669964693e-05,-1.503508007389488e-05,-29.97718378151599,0.00034575025632030767,-69.87423202244838,-0.00013848177197050998,8.894543009273078e-05,1.5023492167695543e-05,2.0,0.0,58.0,[1. 0. 0.],[ 0. -1.  0.],[ 0.  0. -1.],0.12458043532299712,4.469372205263085,0.023381512947540522
1,-23.057244806204935,-15.119370510333908,92.97094074533959,-3.1415858237355123,-0.07045372140330253,0.0175618853648357,24.994379310902644,14.997400687536572,-34.99191019353722,-0.0013497340314476078,0.0008333795406786961,-0.0001354564675178118,-23.0,-15.0,93.0,[1. 0. 0.],[ 0. -1.  0.],[ 0.  0. -1.],0.010158387127987112,0.004267894722289611,0.023381512947540522
1,2.0126087128633725,0.006642845781454797,58.018536129789375,3.1402613535487283,-0.0695967048536115,0.01752061761107109,0.0,0.0,0.0,0.0,-0.0,0.0,2.0,0.0,58.0,[1. 0. 0.],[ 0. -1.  0.],[ 0.  0. -1.],0.0,0.018961256797602744,0.023381512947540522
1,29.966649000958633,-0.018438909208607312,123.89754840144815,-3.1414490055608146,-8.377842669964693e-05,-1.503508007389488e-05,-29.97718378151599,0.00034575025632030767,-69.87423202244838,-0.00013848177197050998,8.894543009273078e-05,1.5023492167695543e-05,2.0,0.0,58.0,[1. 0. 0.],[ 0. -1.  0.],[ 0.  0. -1.],0.12458043532299712,4.469372205263085,0.023381512947540522
1,-23.057244806204935,-15.119370510333908,92.97094074533959,-3.1415858237355123,-0.07045372140330253,0.0175618853648357,24.994379310902644,14.997400687536572,-34.99191019353722,-0.0013497340314476078,0.0008333795406786961,-0.0001354564675178118,-23.0,-15.0,93.0,[1. 0. 0.],[ 0. -1.  0.],[ 0.  0. -1.],0.010158387127987112,0.004267894722289611,0.023381512947540522
1,1.9821712512136216,-0.0028886046322697994,58.01284749503879,-3.141544124484722,-0.0701257428421791,-1.0966525327358357e-05,0.0,0.0,0.0,0.0,-0.0,0.0,2.0,0.0,58.0,[1. 0. 0.],[ 0. -1.  0.],[ 0.  0. -1.],0.0,0.012228388583771732,0.022164531323293424
1,29.966649000958633,-0.018438909208607312,123.89754840144815,-3.1414490055608146,-8.377842669964693e-05,-1.503508007389488e-05,-29.97718378151599,0.00034575025632030767,-69.87423202244838,-0.00013848177197050998,8.894543009273078e-05,1.5023492167695543e-05,2.0,0.0,58.0,[1. 0. 0.],[ 0. -1.  0.],[ 0.  0. -1.],0.12458043532299712,4.469372205263085,0.022164531323293424
1,-22.96123112929742,-14.793043444188864,93.09186614074967,3.1394348380847124,-0.06920704236093607,-0.00042611944417097157,25.020470608182457,15.008052228084582,-35.02508148522868,0.0022005310246957085,-0.0009198061533452365,0.0005677247309559969,-23.0,-15.0,93.0,[1. 0. 0.],[ 0. -1.  0.],[ 0.  0. -1.],0.033155845437178755,0.047157239610896795,0.022164531323293424
1,1.9821712512136216,-0.0028886046322697994,58.01284749503879,-3.141544124484722,-0.0701257428421791,-1.0966525327358357e-05,0.0,0.0,0.0,0.0,-0.0,0.0,2.0,0.0,58.0,[1. 0. 0.],[ 0. -1.  0.],[ 0.  0. -1.],0.0,0.012228388583771732,0.022164531323293424
1,29.966649000958633,-0.018438909208607312,123.89754840144815,-3.1414490055608146,-8.377842669964693e-05,-1.503508007389488e-05,-29.97718378151599,0.00034575025632030767,-69.87423202244838,-0.00013848177197050998,8.894543009273078e-05,1.5023492167695543e-05,2.0,0.0,58.0,[1. 0. 0.],[ 0. -1.  0.],[ 0.  0. -1.],0.12458043532299712,4.469372205263085,0.022164531323293424
1,-22.96123112929742,-14.793043444188864,93.09186614074967,3.1394348380847124,-0.06920704236093607,-0.00042611944417097157,25.020470608182457,15.008052228084582,-35.02508148522868,0.0022005310246957085,-0.0009198061533452365,0.0005677247309559969,-23.0,-15.0,93.0,[1. 0. 0.],[ 0. -1.  0.],[ 0.  0. -1.],0.033155845437178755,0.047157239610896795,0.022164531323293424
1,1.9821712512136216,-0.0028886046322697994,58.01284749503879,-3.141544124484722,-0.0701257428421791,-1.0966525327358357e-05,0.0,0.0,0.0,0.0,-0.0,0.0,2.0,0.0,58.0,[1. 0. 0.],[ 0. -1.  0.],[ 0.  0. -1.],0.0,0.012228388583771732,0.022164531323293424
1,29.966649000958633,-0.018438909208607312,123.89754840144815,-3.1414490055608146,-8.377842669964693e-05,-1.503508007389488e-05,-29.97718378151599,0.00034575025632030767,-69.87423202244838,-0.00013848177197050998,8.894543009273078e-05,1.5023492167695543e-05,2.0,0.0,58.0,[1. 0. 0.],[ 0. -1.  0.],[ 0.  0. -1.],0.12458043532299712,4.469372205263085,0.022164531323293424
1,-22.96123112929742,-14.793043444188864,93.09186614074967,3.1394348380847124,-0.06920704236093607,-0.00042611944417097157,25.020470608182457,15.008052228084582,-35.02508148522868,0.0022005310246957085,-0.0009198061533452365,0.0005677247309559969,-23.0,-15.0,93.0,[1. 0. 0.],[ 0. -1.  0.],[ 0.  0. -1.],0.033155845437178755,0.047157239610896795,0.022164531323293424
1,1.9821712512136216,-0.0028886046322697994,58.01284749503879,-3.141544124484722,-0.0701257428421791,-1.0966525327358357e-05,0.0,0.0,0.0,0.0,-0.0,0.0,2.0,0.0,58.0,[1. 0. 0.],[ 0. -1.  0.],[ 0.  0. -1.],0.0,0.012228388583771732,0.022164531323293424
1,29.966649000958633,-0.018438909208607312,123.89754840144815,-3.1414490055608146,-8.377842669964693e-05,-1.503508007389488e-05,-29.97718378151599,0.00034575025632030767,-69.87423202244838,-0.00013848177197050998,8.894543009273078e-05,1.5023492167695543e-05,2.0,0.0,58.0,[1. 0. 0.],[ 0. -1.  0.],[ 0.  0. -1.],0.12458043532299712,4.469372205263085,0.022164531323293424
1,-22.96123112929742,-14.793043444188864,93.09186614074967,3.1394348380847124,-0.06920704236093607,-0.00042611944417097157,25.020470608182457,15.008052228084582,-35.02508148522868,0.0022005310246957085,-0.0009198061533452365,0.0005677247309559969,-23.0,-15.0,93.0,[1. 0. 0.],[ 0. -1.  0.],[ 0.  0. -1.],0.033155845437178755,0.047157239610896795,0.022164531323293424
1,1.9821712512136216,-0.0028886046322697994,58.01284749503879,-3.141544124484722,-0.0701257428421791,-1.0966525327358357e-05,0.0,0.0,0.0,0.0,-0.0,0.0,2.0,0.0,58.0,[1. 0. 0.],[ 0. -1.  0.],[ 0.  0. -1.],0.0,0.012228388583771732,0.022164531323293424
1,29.966649000958633,-0.018438909208607312,123.89754840144815,-3.1414490055608146,-8.377842669964693e-05,-1.503508007389488e-05,-29.97718378151599,0.00034575025632030767,-69.87423202244838,-0.00013848177197050998,8.894543009273078e-05,1.5023492167695543e-05,2.0,0.0,58.0,[1. 0. 0.],[ 0. -1.  0.],[ 0.  0. -1.],0.12458043532299712,4.469372205263085,0.022164531323293424
1,-22.96123112929742,-14.793043444188864,93.09186614074967,3.1394348380847124,-0.06920704236093607,-0.00042611944417097157,25.020470608182457,15.008052228084582,-35.02508148522868,0.0022005310246957085,-0.0009198061533452365,0.0005677247309559969,-23.0,-15.0,93.0,[1. 0. 0.],[ 0. -1.  0.],[ 0.  0. -1.],0.033155845437178755,0.047157239610896795,0.022164531323293424
1,1.9746274341825425,-0.0025346063415147926,60.01247636384744,-3.141551795968497,-0.07023960572885328,-2.086542899184993e-06,0.0,0.0,0.0,0.0,-0.0,0.0,2.0,0.0,60.0,[1. 0. 0.],[ 0. -1.  0.],[ 0.  0. -1.],0.0,0.011629740814363743,0.028387514514687084
1,30.459038518832948,0.0017191305593231775,130.65078548539034,3.141580018370484,-0.0821002971320309,6.8811384879641586e-06,-30.031841005351925,0.0028543604544254337,-70.26786262628862,5.328307328327315e-05,0.01186069165305526,-4.581010829194357e-06,32.0,0.0,130.0,[1. 0. 0.],[ 0. -1.  0.],[ 0.  0. -1.],0.2587864392732797,0.27377326284036485,0.028387514514687084
1,-22.97249093336051,-15.19703269243748,94.96442174570085,-3.13964199540439,-0.06960683047129551,0.0004318206588559255,25.015819703624505,15.000524833319455,-34.966143367575754,-0.0019048183011699555,-0.000633724380590708,-0.0005667342935970471,-23.0,-15.0,95.0,[1. 0. 0.],[ 0. -1.  0.],[ 0.  0. -1.],0.017148522537851818,0.010484349759167344,0.028387514514687084
1,1.9746274341825425,-0.0025346063415147926,60.01247636384744,-3.141551795968497,-0.07023960572885328,-2.086542899184993e-06,0.0,0.0,0.0,0.0,-0.0,0.0,2.0,0.0,60.0,[1. 0. 0.],[ 0. -1.  0.],[ 0.  0. -1.],0.0,0.011629740814363743,0.028387514514687084
1,30.459038518832948,0.0017191305593231775,130.65078548539034,3.141580018370484,-0.0821002971320309,6.8811384879641586e-06,-30.031841005351925,0.0028543604544254337,-70.26786262628862,5.328307328327315e-05,0.01186069165305526,-4.581010829194357e-06,32.0,0.0,130.0,[1. 0. 0.],[ 0. -1.  0.],[ 0.  0. -1.],0.2587864392732797,0.27377326284036485,0.028387514514687084
1,-22.97249093336051,-15.19703269243748,94.96442174570085,-3.13964199540439,-0.06960683047129551,0.0004318206588559255,25.015819703624505,15.000524833319455,-34.966143367575754,-0.0019048183011699555,-0.000633724380590708,-0.0005667342935970471,-23.0,-15.0,95.0,[1. 0. 0.],[ 0. -1.  0.],[ 0.  0. -1.],0.017148522537851818,0.010484349759167344,0.028387514514687084
1,1.7991104838947838,-0.0011870229227287407,60.02480410511568,-3.1415737185185724,-0.055675614791095895,-5.775342974303693e-06,0.0,0.0,0.0,0.0,-0.0,0.0,2.0,0.0,60.0,[1. 0. 0.],[ 0. -1.  0.],[ 0.  0. -1.],0.0,0.018436159764263493,0.20241850294623948
1,31.761326735387293,-0.0019928064304792284,130.10097987942845,-3.1415791139864164,-0.0542877525674711,-4.1128545315514425e-06,-29.78162347882296,0.0015491663086474581,-70.12013079609382,5.381404747277478e-06,-0.0013878622465580185,-1.3697202297169865e-06,32.0,0.0,130.0,[1. 0. 0.],[ 0. -1.  0.],[ 0.  0. -1.],0.024799668371016992,0.04124999674164087,0.20241850294623948
1,-22.756543073383927,-14.964454703661302,95.09651690813764,3.141189106568597,-0.04968966398035724,-0.00011632416923068954,25.122479002612483,15.006383159562832,-34.9274786660019,0.0004211386971098034,-0.005986004265813781,0.00013153563079115434,-23.0,-15.0,95.0,[1. 0. 0.],[ 0. -1.  0.],[ 0.  0. -1.],0.013818093933927855,0.03105366489695882,0.20241850294623948
1,1.7356534839417546,-0.0033039568288435574,60.02979442666214,-3.1415396130676347,-0.03928072320284705,-1.4159216426613953e-05,0.0,0.0,0.0,0.0,-0.0,0.0,2.0,0.0,60.0,[1. 0. 0.],[ 0. -1.  0.],[ 0.  0. -1.],0.0,0.021556845151359028,0.2660407948848883
1,32.927801961733515,-0.015748694634280816,129.467799326187,-3.141480274156303,-0.027208842180741058,-3.2315153358494786e-05,-29.626867671653574,0.004198261637692326,-69.82606282629318,-5.968758225654242e-05,-0.012071879147459294,1.6543830162792788e-05,32.0,0.0,130.0,[1. 0. 0.],[ 0. -1.  0.],[ 0.  0. -1.],0.30635994035600334,0.29105521431719694,0.2660407948848883
1,-23.140014540760912,-14.708317465917595,95.05113685642559,3.1386434872458273,-0.03621298105556389,-0.0005396327284676958,25.157670627003327,15.00479049645078,-34.905339781676965,0.002998249132723409,-0.003069523582436727,0.000634169074474393,-23.0,-15.0,95.0,[1. 0. 0.],[ 0. -1.  0.],[ 0.  0. -1.],0.015745167785020442,0.03798230263653579,0.2660407948848883
1,1.805976964413657,-0.008516863749225995,60.028168062462576,-3.1414507885116807,-0.020678284123413285,-4.1591677048840435e-05,0.0,0.0,0.0,0.0,-0.0,0.0,2.0,0.0,60.0,[1. 0. 0.],[ 0. -1.  0.],[ 0.  0. -1.],0.0,0.022005295189970298,0.1962419808531254
1,33.198635186583246,0.0036394011392710856,129.62174772218793,3.1415651100827118,-0.008084221496204346,6.7295241970975216e-06,-29.757603431182385,0.01129278141882321,-70.00139347736693,0.00016947055717908606,-0.01259406160302667,-4.695210465153746e-05,32.0,0.0,130.0,[1. 0. 0.],[ 0. -1.  0.],[ 0.  0. -1.],0.09387417695782574,0.07491281897304702,0.1962419808531254
1,-22.44482990460157,-15.17944989700018,95.12860142470088,-3.13989805401652,-0.01164917551725041,0.00043698265933068313,25.116546918781776,15.01203030949098,-34.91727621297704,-0.0015485200001722,-0.009029800184657504,-0.0004966800231821207,-23.0,-15.0,95.0,[1. 0. 0.],[ 0. -1.  0.],[ 0.  0. -1.],0.004587780929419694,0.02344222431089804,0.1962419808531254
1,1.9743478465444297,0.0009445594719003628,60.02853463225811,3.1415772548816596,-0.00044440455021021877,7.043088585834151e-08,0.0,0.0,0.0,0.0,-0.0,0.0,2.0,0.0,60.0,[1. 0. 0.],[ 0. -1.  0.],[ 0.  0. -1.],0.0,0.02767008844437413,0.03838164154395608
1,31.405512661461746,-0.0004128388427914545,130.50285857057455,3.141592083345696,-0.005216528639917936,1.4412475764070734e-07,-30.0535806853197,-0.0005730324409198437,-70.32296751653101,-1.4829319205885563e-05,0.004772124086996978,-1.510491501688982e-07,32.0,0.0,130.0,[1. 0. 0.],[ 0. -1.  0.],[ 0.  0. -1.],0.3180011634544826,0.34800133476647943,0.03838164154395608
1,-23.268909167230262,-14.810321165673436,94.93095036411405,3.1397718821248377,-0.0028121793938277137,-0.0004411254571291732,25.011868410148786,14.993009346066678,-34.9303181599547,0.0018064219476220528,0.0023669736326928574,0.000446273441680275,-23.0,-15.0,95.0,[1. 0. 0.],[ 0. -1.  0.],[ 0.  0. -1.],0.049301567422865844,0.03199522141775901,0.03838164154395608
1,1.9743478465444297,0.0009445594719003628,60.02853463225811,3.1415772548816596,-0.00044440455021021877,7.043088585834151e-08,0.0,0.0,0.0,0.0,-0.0,0.0,2.0,0.0,60.0,[1. 0. 0.],[ 0. -1.  0.],[ 0.  0. -1.],0.0,0.02767008844437413,0.03838164154395608
1,31.405512661461746,-0.0004128388427914545,130.50285857057455,3.141592083345696,-0.005216528639917936,1.4412475764070734e-07,-30.0535806853197,-0.0005730324409198437,-70.32296751653101,-1.4829319205885563e-05,0.004772124086996978,-1.510491501688982e-07,32.0,0.0,130.0,[1. 0. 0.],[ 0. -1.  0.],[ 0.  0. -1.],0.3180011634544826,0.34800133476647943,0.03838164154395608
1,-23.268909167230262,-14.810321165673436,94.93095036411405,3.1397718821248377,-0.0028121793938277137,-0.0004411254571291732,25.011868410148786,14.993009346066678,-34.9303181599547,0.0018064219476220528,0.0023669736326928574,0.000446273441680275,-23.0,-15.0,95.0,[1. 0. 0.],[ 0. -1.  0.],[ 0.  0. -1.],0.049301567422865844,0.03199522141775901,0.03838164154395608
1,1.9743478465444297,0.0009445594719003628,60.02853463225811,3.1415772548816596,-0.00044440455021021877,7.043088585834151e-08,0.0,0.0,0.0,0.0,-0.0,0.0,2.0,0.0,60.0,[1. 0. 0.],[ 0. -1.  0.],[ 0.  0. -1.],0.0,0.02767008844437413,0.03838164154395608
1,31.405512661461746,-0.0004128388427914545,130.50285857057455,3.141592083345696,-0.005216528639917936,1.4412475764070734e-07,-30.0535806853197,-0.0005730324409198437,-70.32296751653101,-1.4829319205885563e-05,0.004772124086996978,-1.510491501688982e-07,32.0,0.0,130.0,[1. 0. 0.],[ 0. -1.  0.],[ 0.  0. -1.],0.3180011634544826,0.34800133476647943,0.03838164154395608
1,-23.268909167230262,-14.810321165673436,94.93095036411405,3.1397718821248377,-0.0028121793938277137,-0.0004411254571291732,25.011868410148786,14.993009346066678,-34.9303181599547,0.0018064219476220528,0.0023669736326928574,0.000446273441680275,-23.0,-15.0,95.0,[1. 0. 0.],[ 0. -1.  0.],[ 0.  0. -1.],0.049301567422865844,0.03199522141775901,0.03838164154395608
1,1.994972480347961,0.06705862107255844,60.02220953007162,3.1230151524644305,-0.00010317450620349527,-8.48055680544654e-05,0.0,0.0,0.0,0.0,-0.0,0.0,2.0,0.0,60.0,[1. 0. 0.],[ 0. -1.  0.],[ 0.  0. -1.],0.0,0.022067426692963465,0.07081947359311509
1,31.693832421727635,0.820815765420859,130.2770579661329,3.117884629778376,-0.002745194193695144,0.0003010701388185863,-30.04320095003857,-0.07354978369769816,-70.1731062724927,0.0051297449184282634,0.0026435280836526603,-0.0003717885456297385,32.0,0.0,130.0,[1. 0. 0.],[ 0. -1.  0.],[ 0.  0. -1.],0.17616916132426752,0.19885279994127814,0.07081947359311509
1,-22.762131831546938,-14.785515945976906,95.17893791494956,3.12164300942607,0.0026525628361052595,0.0004185760551262275,25.026754519160257,14.97159425602291,-35.07325925549366,0.0013733016073703913,-0.0027551602555995944,-0.0005070225218640959,-23.0,-15.0,95.0,[1. 0. 0.],[ 0. -1.  0.],[ 0.  0. -1.],0.0616503771149155,0.084686908770081,0.07081947359311509
1,1.994972480347961,0.06705862107255844,60.02220953007162,3.1230151524644305,-0.00010317450620349527,-8.48055680544654e-05,0.0,0.0,0.0,0.0,-0.0,0.0,2.0,0.0,60.0,[1. 0. 0.],[ 0. -1.  0.],[ 0.  0. -1.],0.0,0.022067426692963465,0.07081947359311509
1,31.693832421727635,0.820815765420859,130.2770579661329,3.117884629778376,-0.002745194193695144,0.0003010701388185863,-30.04320095003857,-0.07354978369769816,-70.1731062724927,0.0051297449184282634,0.0026435280836526603,-0.0003717885456297385,32.0,0.0,130.0,[1. 0. 0.],[ 0. -1.  0.],[ 0.  0. -1.],0.17616916132426752,0.19885279994127814,0.07081947359311509
1,-22.762131831546938,-14.785515945976906,95.17893791494956,3.12164300942607,0.0026525628361052595,0.0004185760551262275,25.026754519160257,14.97159425602291,-35.07325925549366,0.0013733016073703913,-0.0027551602555995944,-0.0005070225218640959,-23.0,-15.0,95.0,[1. 0. 0.],[ 0. -1.  0.],[ 0.  0. -1.],0.0616503771149155,0.084686908770081,0.07081947359311509
1,1.9743478465444297,0.0009445594719003628,60.02853463225811,3.1415772548816596,-0.00044440455021021877,7.043088585834151e-08,0.0,0.0,0.0,0.0,-0.0,0.0,2.0,0.0,60.0,[1. 0. 0.],[ 0. -1.  0.],[ 0.  0. -1.],0.0,0.02767008844437413,0.03838164154395608
1,31.405512661461746,-0.0004128388427914545,130.50285857057455,3.141592083345696,-0.005216528639917936,1.4412475764070734e-07,-30.0535806853197,-0.0005730324409198437,-70.32296751653101,-1.4829319205885563e-05,0.004772124086996978,-1.510491501688982e-07,32.0,0.0,130.0,[1. 0. 0.],[ 0. -1.  0.],[ 0.  0. -1.],0.3180011634544826,0.34800133476647943,0.03838164154395608
1,-23.268909167230262,-14.810321165673436,94.93095036411405,3.1397718821248377,-0.0028121793938277137,-0.0004411254571291732,25.011868410148786,14.993009346066678,-34.9303181599547,0.0018064219476220528,0.0023669736326928574,0.000446273441680275,-23.0,-15.0,95.0,[1. 0. 0.],[ 0. -1.  0.],[ 0.  0. -1.],0.049301567422865844,0.03199522141775901,0.03838164154395608
1,1.9905672613059535,-0.06830027442327916,60.02333183998501,-3.1229963875822286,-0.00017706931733610877,8.347469831207998e-05,0.0,0.0,0.0,0.0,-0.0,0.0,2.0,0.0,60.0,[1. 0. 0.],[ 0. -1.  0.],[ 0.  0. -1.],0.0,0.02304434347838935,0.07278927670097803
1,31.650731128583043,-0.8212303709214613,130.29833752708308,-3.117888909704358,-0.003095284476183429,-0.00030987658388354367,-30.040531780164606,0.07544844288427432,-70.1845327194164,-0.0051065950350426504,0.0029197573340230126,0.000377539490908166,32.0,0.0,130.0,[1. 0. 0.],[ 0. -1.  0.],[ 0.  0. -1.],0.1856250447522001,0.20935131075830782,0.07278927670097803
1,-22.974310360151534,-15.340034587715124,94.9137827765382,-3.120511524794844,0.00017007283979395712,6.877300618116814e-06,24.99667612554002,15.037611662416516,-34.92029426578469,-0.0024848605107032147,-0.0003471587211926274,7.702002577090024e-05,-23.0,-15.0,95.0,[1. 0. 0.],[ 0. -1.  0.],[ 0.  0. -1.],0.05062550245382624,0.03660464751244774,0.07278927670097803
1,2.0294037062876904,-0.040652664939054096,60.01327110636077,-3.1060041232676543,0.0004712092286827199,0.00012007786250628508,0.0,0.0,0.0,0.0,-0.0,0.0,2.0,0.0,60.0,[1. 0. 0.],[ 0. -1.  0.],[ 0.  0. -1.],0.0,0.014264056595024499,0.05189739274895268
1,32.00877802217239,0.20875333849869043,130.0325123500901,-3.108302708074558,-8.643170228075561e-06,-0.0003200937944315039,-30.041708018183968,0.035387602936826745,-70.00402669335313,0.0022987382959664105,0.00047911658941980157,0.0004401907151152746,32.0,0.0,130.0,[1. 0. 0.],[ 0. -1.  0.],[ 0.  0. -1.],0.020148748318675302,0.033830800679652384,0.05189739274895268
1,-22.651277590597317,-15.126651581339758,95.1998995010664,-3.1057229145374223,0.0038734976716697277,0.0006424659838603526,25.012347133819425,15.04745621618327,-35.113224210984775,-0.0002790244058666168,-0.003402468255714748,-0.000521302549888467,-23.0,-15.0,95.0,[1. 0. 0.],[ 0. -1.  0.],[ 0.  0. -1.],0.10943291200914729,0.13095352459134801,0.05189739274895268
1,2.00887804814764,0.05575576471702638,60.02087184497678,-3.090174417400847,0.00013081983921742915,8.567244626474315e-05,0.0,0.0,0.0,0.0,-0.0,0.0,2.0,0.0,60.0,[1. 0. 0.],[ 0. -1.  0.],[ 0.  0. -1.],0.0,0.02118246899344456,0.06019268187102418
1,32.20337709333417,0.4868574394313126,129.91714506357283,-3.092935269384252,0.00162181633676728,-0.00010715907160747324,-30.00069368798425,-0.07846775262960826,-69.94500217265933,0.0027606952400515065,-0.0014912861582861382,0.00018835363645320708,32.0,0.0,130.0,[1. 0. 0.],[ 0. -1.  0.],[ 0.  0. -1.],0.05023304816354823,0.03078057259241973,0.06019268187102418
1,-23.02273233899241,-15.129939102533902,94.9914912203954,-3.08791419496435,-0.00018670404685826574,-4.4701442978503974e-05,24.999488371058494,14.973943640690297,-35.01188131597798,-0.002260208335118662,0.00031762444398251885,0.00012995178498190538,-23.0,-15.0,95.0,[1. 0. 0.],[ 0. -1.  0.],[ 0.  0. -1.],0.00027514284779783793,0.016909796849574832,0.06019268187102418
1,2.047769815260997,0.01463385393610657,60.00922524919696,-3.072022839928221,0.0007810486117824219,5.122906040282369e-05,0.0,0.0,0.0,0.0,-0.0,0.0,2.0,0.0,60.0,[1. 0. 0.],[ 0. -1.  0.],[ 0.  0. -1.],0.0,0.010832092513219038,0.05080561144045771
1,31.57221432350813,0.05474132276522287,130.24530428598163,-3.0721889535519704,-0.0035430992965843656,9.201310261196927e-05,-30.08735085927134,-0.017231861012318106,-70.09834565372682,0.00016571724467290527,0.004324163125945707,-4.019633986274569e-05,32.0,0.0,130.0,[1. 0. 0.],[ 0. -1.  0.],[ 0.  0. -1.],0.12481732513467136,0.1367946702217182,0.05080561144045771
1,-22.92116346980805,-15.06336551840955,95.04850569970783,-3.0711966709227676,0.0009008591437227274,0.00011907659410356837,24.981337221212655,14.997930608445184,-35.04894355128673,-0.000826154486940174,-0.00011990860099858867,-6.71032321958101e-05,-23.0,-15.0,95.0,[1. 0. 0.],[ 0. -1.  0.],[ 0.  0. -1.],0.02670223491075774,0.03793003152628671,0.05080561144045771
1,2.0092772964838153,-0.06955576550840771,60.01682258748163,-3.0531926776066163,0.00014117867358127504,-5.346363522556634e-06,0.0,0.0,0.0,0.0,-0.0,0.0,2.0,0.0,60.0,[1. 0. 0.],[ 0. -1.  0.],[ 0.  0. -1.],0.0,0.017163235676804334,0.07216004569764789
1,31.8620040576649,-0.11366130361565974,130.0565029986935,-3.0534773477370534,-0.0010967569750899289,-2.0647639552855794e-05,-30.01370541970683,0.08063209598280707,-70.00010021596185,0.0002846959061261486,0.0012379297261976947,1.5613505138218368e-05,32.0,0.0,130.0,[1. 0. 0.],[ 0. -1.  0.],[ 0.  0. -1.],0.005535615263141835,0.022011074419140186,0.07216004569764789
1,-23.053623514617,-14.851350994214638,95.01338589714517,-3.0558872419711607,-0.0005454033504695353,-7.55388322297575e-05,24.996625457930133,15.03941302428569,-34.97200080643334,0.0026946168283777574,0.000686376498049102,7.16618351968899e-05,-23.0,-15.0,95.0,[1. 0. 0.],[ 0. -1.  0.],[ 0.  0. -1.],0.010364073590125145,0.002910716484265663,0.07216004569764789
1,2.004125805433429,-0.048795656086112714,60.01815010710686,-3.0360876814283424,5.835742533049608e-05,-6.210218213101185e-05,0.0,0.0,0.0,0.0,-0.0,0.0,2.0,0.0,60.0,[1. 0. 0.],[ 0. -1.  0.],[ 0.  0. -1.],0.0,0.018297410461066477,0.05222513486185691
1,32.805592243105345,-0.21696438709602986,129.6074846895769,-3.0352270389257603,0.006543468695182089,4.714306136235893e-05,-29.960246575558266,0.05997220902757583,-69.7994955015156,-0.0008603548662896313,-0.006485149413390252,-0.00010361455258740284,32.0,0.0,130.0,[1. 0. 0.],[ 0. -1.  0.],[ 0.  0. -1.],0.19991586463328304,0.18553996029979203,0.05222513486185691
1,-22.93240837003003,-15.023252633847962,95.05361836254288,-3.03669165596154,0.0007792628619188436,0.00014060234005117887,25.008101784998043,15.02720032103407,-35.00982088876183,0.0006040760441133302,-0.0007208203670815636,-0.00020317518803389056,-23.0,-15.0,95.0,[1. 0. 0.],[ 0. -1.  0.],[ 0.  0. -1.],0.020952356138202788,0.039348676295944074,0.05222513486185691
1,2.0032236399568797,-0.06158831471686787,60.01781127228938,-3.018410236399641,4.1681897496327504e-05,-3.6938599753554665e-05,0.0,0.0,0.0,0.0,-0.0,0.0,2.0,0.0,60.0,[1. 0. 0.],[ 0. -1.  0.],[ 0.  0. -1.],0.0,0.01794042028070919,0.06419309764143054
1,32.327907814187554,0.27610265484769425,129.86008000459844,-3.021577659502224,0.002618798025155531,1.4390972829996375e-05,-29.989911620422365,0.07554529833875456,-69.9253714103838,0.003167470704639649,-0.0025770574083637263,-5.962439374066973e-05,32.0,0.0,130.0,[1. 0. 0.],[ 0. -1.  0.],[ 0.  0. -1.],0.0725273823453989,0.05674082272850001,0.06419309764143054
1,-23.02511304530788,-14.921479365131603,95.01225799308956,-3.0202060125382886,-0.00024312000032696335,-5.8956999935768446e-05,25.00095495314893,15.03100566187012,-34.974048945535515,0.0017957929978120854,0.0002846956317993435,2.2454896383056488e-05,-23.0,-15.0,95.0,[1. 0. 0.],[ 0. -1.  0.],[ 0.  0. -1.],0.009190325232893315,0.005741362376284087,0.06419309764143054
1,1.9859717011325146,0.016749896194937424,60.024082764989735,-3.0022473888605594,-0.0002488268099984398,-1.749961182041579e-05,0.0,0.0,0.0,0.0,-0.0,0.0,2.0,0.0,60.0,[1. 0. 0.],[ 0. -1.  0.],[ 0.  0. -1.],0.0,0.023606211427690482,0.032516638221186084
1,31.093681845777365,-0.0020206544886581888,130.484307593856,-3.001937155517353,-0.0074075398089295755,6.574392396622091e-06,-30.041005797755098,-0.02087258473482123,-70.23428694648857,-0.0003102883480430429,0.0071587106026543374,-2.637227603564351e-05,32.0,0.0,130.0,[1. 0. 0.],[ 0. -1.  0.],[ 0.  0. -1.],0.23151997813160108,0.2573389597071696,0.032516638221186084
1,-23.28526957013724,-14.770644225662949,94.90678350077808,-3.004169078726583,-0.003068163800224793,-0.0004582924950154675,24.997057929194725,14.980151743430937,-34.919372933765224,0.0019229893215352255,0.0028184503299979883,0.0004466899270750251,-23.0,-15.0,95.0,[1. 0. 0.],[ 0. -1.  0.],[ 0.  0. -1.],0.07008038584845622,0.057286641501704594,0.032516638221186084
1,1.9859717011325146,0.016749896194937424,60.024082764989735,-3.0022473888605594,-0.0002488268099984398,-1.749961182041579e-05,0.0,0.0,0.0,0.0,-0.0,0.0,2.0,0.0,60.0,[1. 0. 0.],[ 0. -1.  0.],[ 0.  0. -1.],0.0,0.023606211427690482,0.032516638221186084
1,31.093681845777365,-0.0020206544886581888,130.484307593856,-3.001937155517353,-0.0074075398089295755,6.574392396622091e-06,-30.041005797755098,-0.02087258473482123,-70.23428694648857,-0.0003102883480430429,0.0071587106026543374,-2.637227603564351e-05,32.0,0.0,130.0,[1. 0. 0.],[ 0. -1.  0.],[ 0.  0. -1.],0.23151997813160108,0.2573389597071696,0.032516638221186084
1,-23.28526957013724,-14.770644225662949,94.90678350077808,-3.004169078726583,-0.003068163800224793,-0.0004582924950154675,24.997057929194725,14.980151743430937,-34.919372933765224,0.0019229893215352255,0.0028184503299979883,0.0004466899270750251,-23.0,-15.0,95.0,[1. 0. 0.],[ 0. -1.  0.],[ 0.  0. -1.],0.07008038584845622,0.057286641501704594,0.032516638221186084
1,1.9859717011325146,0.016749896194937424,60.024082764989735,-3.0022473888605594,-0.0002488268099984398,-1.749961182041579e-05,0.0,0.0,0.0,0.0,-0.0,0.0,2.0,0.0,60.0,[1. 0. 0.],[ 0. -1.  0.],[ 0.  0. -1.],0.0,0.023606211427690482,0.032516638221186084
1,31.093681845777365,-0.0020206544886581888,130.484307593856,-3.001937155517353,-0.0074075398089295755,6.574392396622091e-06,-30.041005797755098,-0.02087258473482123,-70.23428694648857,-0.0003102883480430429,0.0071587106026543374,-2.637227603564351e-05,32.0,0.0,130.0,[1. 0. 0.],[ 0. -1.  0.],[ 0.  0. -1.],0.23151997813160108,0.2573389597071696,0.032516638221186084
1,-23.28526957013724,-14.770644225662949,94.90678350077808,-3.004169078726583,-0.003068163800224793,-0.0004582924950154675,24.997057929194725,14.980151743430937,-34.919372933765224,0.0019229893215352255,0.0028184503299979883,0.0004466899270750251,-23.0,-15.0,95.0,[1. 0. 0.],[ 0. -1.  0.],[ 0.  0. -1.],0.07008038584845622,0.057286641501704594,0.032516638221186084
1,1.9859717011325146,0.016749896194937424,60.024082764989735,-3.0022473888605594,-0.0002488268099984398,-1.749961182041579e-05,0.0,0.0,0.0,0.0,-0.0,0.0,2.0,0.0,60.0,[1. 0. 0.],[ 0. -1.  0.],[ 0.  0. -1.],0.0,0.023606211427690482,0.032516638221186084
1,31.093681845777365,-0.0020206544886581888,130.484307593856,-3.001937155517353,-0.0074075398089295755,6.574392396622091e-06,-30.041005797755098,-0.02087258473482123,-70.23428694648857,-0.0003102883480430429,0.0071587106026543374,-2.637227603564351e-05,32.0,0.0,130.0,[1. 0. 0.],[ 0. -1.  0.],[ 0.  0. -1.],0.23151997813160108,0.2573389597071696,0.032516638221186084
1,-23.28526957013724,-14.770644225662949,94.90678350077808,-3.004169078726583,-0.003068163800224793,-0.0004582924950154675,24.997057929194725,14.980151743430937,-34.919372933765224,0.0019229893215352255,0.0028184503299979883,0.0004466899270750251,-23.0,-15.0,95.0,[1. 0. 0.],[ 0. -1.  0.],[ 0.  0. -1.],0.07008038584845622,0.057286641501704594,0.032516638221186084
1,1.9859717011325146,0.016749896194937424,60.024082764989735,-3.0022473888605594,-0.0002488268099984398,-1.749961182041579e-05,0.0,0.0,0.0,0.0,-0.0,0.0,2.0,0.0,60.0,[1. 0. 0.],[ 0. -1.  0.],[ 0.  0. -1.],0.0,0.023606211427690482,0.032516638221186084
1,31.093681845777365,-0.0020206544886581888,130.484307593856,-3.001937155517353,-0.0074075398089295755,6.574392396622091e-06,-30.041005797755098,-0.02087258473482123,-70.23428694648857,-0.0003102883480430429,0.0071587106026543374,-2.637227603564351e-05,32.0,0.0,130.0,[1. 0. 0.],[ 0. -1.  0.],[ 0.  0. -1.],0.23151997813160108,0.2573389597071696,0.032516638221186084
1,-23.28526957013724,-14.770644225662949,94.90678350077808,-3.004169078726583,-0.003068163800224793,-0.0004582924950154675,24.997057929194725,14.980151743430937,-34.919372933765224,0.0019229893215352255,0.0028184503299979883,0.0004466899270750251,-23.0,-15.0,95.0,[1. 0. 0.],[ 0. -1.  0.],[ 0.  0. -1.],0.07008038584845622,0.057286641501704594,0.032516638221186084
1,2.0262086019832557,0.004535818865678257,58.013177668513876,-3.002042874737918,0.0004377886023569556,4.166241861435322e-06,0.0,0.0,0.0,0.0,-0.0,0.0,2.0,0.0,58.0,[1. 0. 0.],[ 0. -1.  0.],[ 0.  0. -1.],0.0,0.014078932605251282,0.029683588363953854
1,31.093681845777365,-0.0020206544886581888,130.484307593856,-3.001937155517353,-0.0074075398089295755,6.574392396622091e-06,-30.041005797755098,-0.02087258473482123,-70.23428694648857,-0.0003102883480430429,0.0071587106026543374,-2.637227603564351e-05,2.0,0.0,58.0,[1. 0. 0.],[ 0. -1.  0.],[ 0.  0. -1.],0.23151997813160108,2.1985027093785163,0.029683588363953854
1,-22.84794770234385,-15.095337726486985,93.08418998802777,-3.001108057863747,0.0017318005232634965,0.000307246238053918,24.999157439989176,15.005962473306145,-35.05542703269992,-0.0009344199430199199,-0.0012942983222682344,-0.00030146120263225575,-23.0,-15.0,93.0,[1. 0. 0.],[ 0. -1.  0.],[ 0.  0. -1.],0.04409920221549157,0.05961080113117134,0.029683588363953854
1,2.0097920393581563,-0.019644206847624513,56.01585674635814,-3.0016180544653963,0.00016189370379733785,-8.568077699643437e-06,0.0,0.0,0.0,0.0,-0.0,0.0,2.0,0.0,56.0,[1. 0. 0.],[ 0. -1.  0.],[ 0.  0. -1.],0.0,0.01620033674807786,0.02707794863962896
1,31.093681845777365,-0.0020206544886581888,130.484307593856,-3.001937155517353,-0.0074075398089295755,6.574392396622091e-06,-30.041005797755098,-0.02087258473482123,-70.23428694648857,-0.0003102883480430429,0.0071587106026543374,-2.637227603564351e-05,2.0,0.0,56.0,[1. 0. 0.],[ 0. -1.  0.],[ 0.  0. -1.],0.23151997813160108,4.137882729143655,0.02707794863962896
1,-22.909786642415874,-15.102891103516077,91.04702999718118,-3.0009974449714774,0.001056563342024798,0.00019040028154083876,25.004029060036704,15.022195077696828,-35.01999031274314,-0.0006204393775914081,-0.0008947875827994107,-0.00019831268545572175,-23.0,-15.0,91.0,[1. 0. 0.],[ 0. -1.  0.],[ 0.  0. -1.],0.02488073763314702,0.03953469266797072,0.02707794863962896
1,2.0097920393581563,-0.019644206847624513,56.01585674635814,-3.0016180544653963,0.00016189370379733785,-8.568077699643437e-06,0.0,0.0,0.0,0.0,-0.0,0.0,2.0,0.0,56.0,[1. 0. 0.],[ 0. -1.  0.],[ 0.  0. -1.],0.0,0.01620033674807786,0.02707794863962896
1,31.093681845777365,-0.0020206544886581888,130.484307593856,-3.001937155517353,-0.0074075398089295755,6.574392396622091e-06,-30.041005797755098,-0.02087258473482123,-70.23428694648857,-0.0003102883480430429,0.0071587106026543374,-2.637227603564351e-05,2.0,0.0,56.0,[1. 0. 0.],[ 0. -1.  0.],[ 0.  0. -1.],0.23151997813160108,4.137882729143655,0.02707794863962896
1,-22.909786642415874,-15.102891103516077,91.04702999718118,-3.0009974449714774,0.001056563342024798,0.00019040028154083876,25.004029060036704,15.022195077696828,-35.01999031274314,-0.0006204393775914081,-0.0008947875827994107,-0.00019831268545572175,-23.0,-15.0,91.0,[1. 0. 0.],[ 0. -1.  0.],[ 0.  0. -1.],0.02488073763314702,0.03953469266797072,0.02707794863962896
1,2.0097920393581563,-0.019644206847624513,56.01585674635814,-3.0016180544653963,0.00016189370379733785,-8.568077699643437e-06,0.0,0.0,0.0,0.0,-0.0,0.0,2.0,0.0,56.0,[1. 0. 0.],[ 0. -1.  0.],[ 0.  0. -1.],0.0,0.01620033674807786,0.02707794863962896
1,31.093681845777365,-0.0020206544886581888,130.484307593856,-3.001937155517353,-0.0074075398089295755,6.574392396622091e-06,-30.041005797755098,-0.02087258473482123,-70.23428694648857,-0.0003102883480430429,0.0071587106026543374,-2.637227603564351e-05,2.0,0.0,56.0,[1. 0. 0.],[ 0. -1.  0.],[ 0.  0. -1.],0.23151997813160108,4.137882729143655,0.02707794863962896
1,-22.909786642415874,-15.102891103516077,91.04702999718118,-3.0009974449714774,0.001056563342024798,0.00019040028154083876,25.004029060036704,15.022195077696828,-35.01999031274314,-0.0006204393775914081,-0.0008947875827994107,-0.00019831268545572175,-23.0,-15.0,91.0,[1. 0. 0.],[ 0. -1.  0.],[ 0.  0. -1.],0.02488073763314702,0.03953469266797072,0.02707794863962896
1,2.0097920393581563,-0.019644206847624513,56.01585674635814,-3.0016180544653963,0.00016189370379733785,-8.568077699643437e-06,0.0,0.0,0.0,0.0,-0.0,0.0,2.0,0.0,56.0,[1. 0. 0.],[ 0. -1.  0.],[ 0.  0. -1.],0.0,0.01620033674807786,0.02707794863962896
1,31.093681845777365,-0.0020206544886581888,130.484307593856,-3.001937155517353,-0.0074075398089295755,6.574392396622091e-06,-30.041005797755098,-0.02087258473482123,-70.23428694648857,-0.0003102883480430429,0.0071587106026543374,-2.637227603564351e-05,2.0,0.0,56.0,[1. 0. 0.],[ 0. -1.  0.],[ 0.  0. -1.],0.23151997813160108,4.137882729143655,0.02707794863962896
1,-22.909786642415874,-15.102891103516077,91.04702999718118,-3.0009974449714774,0.001056563342024798,0.00019040028154083876,25.004029060036704,15.022195077696828,-35.01999031274314,-0.0006204393775914081,-0.0008947875827994107,-0.00019831268545572175,-23.0,-15.0,91.0,[1. 0. 0.],[ 0. -1.  0.],[ 0.  0. -1.],0.02488073763314702,0.03953469266797072,0.02707794863962896
1,2.0097920393581563,-0.019644206847624513,56.01585674635814,-3.0016180544653963,0.00016189370379733785,-8.568077699643437e-06,0.0,0.0,0.0,0.0,-0.0,0.0,2.0,0.0,56.0,[1. 0. 0.],[ 0. -1.  0.],[ 0.  0. -1.],0.0,0.01620033674807786,0.02707794863962896
1,31.093681845777365,-0.0020206544886581888,130.484307593856,-3.001937155517353,-0.0074075398089295755,6.574392396622091e-06,-30.041005797755098,-0.02087258473482123,-70.23428694648857,-0.0003102883480430429,0.0071587106026543374,-2.637227603564351e-05,2.0,0.0,56.0,[1. 0. 0.],[ 0. -1.  0.],[ 0.  0. -1.],0.23151997813160108,4.137882729143655,0.02707794863962896
1,-22.909786642415874,-15.102891103516077,91.04702999718118,-3.0009974449714774,0.001056563342024798,0.00019040028154083876,25.004029060036704,15.022195077696828,-35.01999031274314,-0.0006204393775914081,-0.0008947875827994107,-0.00019831268545572175,-23.0,-15.0,91.0,[1. 0. 0.],[ 0. -1.  0.],[ 0.  0. -1.],0.02488073763314702,0.03953469266797072,0.02707794863962896
1,2.01580235320417,0.01020164887116672,56.020742415075446,-3.0021755375504484,0.0026973899969489415,-0.01727329482621773,0.0,0.0,0.0,0.0,-0.0,0.0,2.0,0.0,56.0,[1. 0. 0.],[ 0. -1.  0.],[ 0.  0. -1.],0.0,0.021296158404233267,0.028000639093456764
1,31.093681845777365,-0.0020206544886581888,130.484307593856,-3.001937155517353,-0.0074075398089295755,6.574392396622091e-06,-30.041005797755098,-0.02087258473482123,-70.23428694648857,-0.0003102883480430429,0.0071587106026543374,-2.637227603564351e-05,2.0,0.0,56.0,[1. 0. 0.],[ 0. -1.  0.],[ 0.  0. -1.],0.23151997813160108,4.137882729143655,0.028000639093456764
1,-23.000586587721465,-14.916161241802897,91.0380397262407,-3.0029011564125048,0.0025003235193233266,-0.017477732374253357,24.996570976213423,14.997377704515852,-35.010638735273695,0.0007289495222699814,0.00018435555786998925,0.00020261896353410616,-23.0,-15.0,91.0,[1. 0. 0.],[ 0. -1.  0.],[ 0.  0. -1.],0.005428065234589496,0.023371163761126468,0.028000639093456764
1,2.01580235320417,0.01020164887116672,56.020742415075446,-3.0021755375504484,0.0026973899969489415,-0.01727329482621773,0.0,0.0,0.0,0.0,-0.0,0.0,2.0,0.0,56.0,[1. 0. 0.],[ 0. -1.  0.],[ 0.  0. -1.],0.0,0.021296158404233267,0.028000639093456764
1,31.093681845777365,-0.0020206544886581888,130.484307593856,-3.001937155517353,-0.0074075398089295755,6.574392396622091e-06,-30.041005797755098,-0.02087258473482123,-70.23428694648857,-0.0003102883480430429,0.0071587106026543374,-2.637227603564351e-05,2.0,0.0,56.0,[1. 0. 0.],[ 0. -1.  0.],[ 0.  0. -1.],0.23151997813160108,4.137882729143655,0.028000639093456764
1,-23.000586587721465,-14.916161241802897,91.0380397262407,-3.0029011564125048,0.0025003235193233266,-0.017477732374253357,24.996570976213423,14.997377704515852,-35.010638735273695,0.0007289495222699814,0.00018435555786998925,0.00020261896353410616,-23.0,-15.0,91.0,[1. 0. 0.],[ 0. -1.  0.],[ 0.  0. -1.],0.005428065234589496,0.023371163761126468,0.028000639093456764
1,2.01580235320417,0.01020164887116672,56.020742415075446,-3.0021755375504484,0.0026973899969489415,-0.01727329482621773,0.0,0.0,0.0,0.0,-0.0,0.0,2.0,0.0,56.0,[1. 0. 0.],[ 0. -1.  0.],[ 0.  0. -1.],0.0,0.021296158404233267,0.028000639093456764
1,31.093681845777365,-0.0020206544886581888,130.484307593856,-3.001937155517353,-0.0074075398089295755,6.574392396622091e-06,-30.041005797755098,-0.02087258473482123,-70.23428694648857,-0.0003102883480430429,0.0071587106026543374,-2.637227603564351e-05,2.0,0.0,56.0,[1. 0. 0.],[ 0. -1.  0.],[ 0.  0. -1.],0.23151997813160108,4.137882729143655,0.028000639093456764
1,-23.000586587721465,-14.916161241802897,91.0380397262407,-3.0029011564125048,0.0025003235193233266,-0.017477732374253357,24.996570976213423,14.997377704515852,-35.010638735273695,0.0007289495222699814,0.00018435555786998925,0.00020261896353410616,-23.0,-15.0,91.0,[1. 0. 0.],[ 0. -1.  0.],[ 0.  0. -1.],0.005428065234589496,0.023371163761126468,0.028000639093456764
1,2.01580235320417,0.01020164887116672,56.020742415075446,-3.0021755375504484,0.0026973899969489415,-0.01727329482621773,0.0,0.0,0.0,0.0,-0.0,0.0,2.0,0.0,56.0,[1. 0. 0.],[ 0. -1.  0.],[ 0.  0. -1.],0.0,0.021296158404233267,0.028000639093456764
1,31.093681845777365,-0.0020206544886581888,130.484307593856,-3.001937155517353,-0.0074075398089295755,6.574392396622091e-06,-30.041005797755098,-0.02087258473482123,-70.23428694648857,-0.0003102883480430429,0.0071587106026543374,-2.637227603564351e-05,2.0,0.0,56.0,[1. 0. 0.],[ 0. -1.  0.],[ 0.  0. -1.],0.23151997813160108,4.137882729143655,0.028000639093456764
1,-23.000586587721465,-14.916161241802897,91.0380397262407,-3.0029011564125048,0.0025003235193233266,-0.017477732374253357,24.996570976213423,14.997377704515852,-35.010638735273695,0.0007289495222699814,0.00018435555786998925,0.00020261896353410616,-23.0,-15.0,91.0,[1. 0. 0.],[ 0. -1.  0.],[ 0.  0. -1.],0.005428065234589496,0.023371163761126468,0.028000639093456764
1,2.01580235320417,0.01020164887116672,56.020742415075446,-3.0021755375504484,0.0026973899969489415,-0.01727329482621773,0.0,0.0,0.0,0.0,-0.0,0.0,2.0,0.0,56.0,[1. 0. 0.],[ 0. -1.  0.],[ 0.  0. -1.],0.0,0.021296158404233267,0.028000639093456764
1,31.093681845777365,-0.0020206544886581888,130.484307593856,-3.001937155517353,-0.0074075398089295755,6.574392396622091e-06,-30.041005797755098,-0.02087258473482123,-70.23428694648857,-0.0003102883480430429,0.0071587106026543374,-2.637227603564351e-05,2.0,0.0,56.0,[1. 0. 0.],[ 0. -1.  0.],[ 0.  0. -1.],0.23151997813160108,4.137882729143655,0.028000639093456764
1,-23.000586587721465,-14.916161241802897,91.0380397262407,-3.0029011564125048,0.0025003235193233266,-0.017477732374253357,24.996570976213423,14.997377704515852,-35.010638735273695,0.0007289495222699814,0.00018435555786998925,0.00020261896353410616,-23.0,-15.0,91.0,[1. 0. 0.],[ 0. -1.  0.],[ 0.  0. -1.],0.005428065234589496,0.023371163761126468,0.028000639093456764
1,2.01580235320417,0.01020164887116672,56.020742415075446,-3.0021755375504484,0.0026973899969489415,-0.01727329482621773,0.0,0.0,0.0,0.0,-0.0,0.0,2.0,0.0,56.0,[1. 0. 0.],[ 0. -1.  0.],[ 0.  0. -1.],0.0,0.021296158404233267,0.028000639093456764
1,31.093681845777365,-0.0020206544886581888,130.484307593856,-3.001937155517353,-0.0074075398089295755,6.574392396622091e-06,-30.041005797755098,-0.02087258473482123,-70.23428694648857,-0.0003102883480430429,0.0071587106026543374,-2.637227603564351e-05,2.0,0.0,56.0,[1. 0. 0.],[ 0. -1.  0.],[ 0.  0. -1.],0.23151997813160108,4.137882729143655,0.028000639093456764
1,-23.000586587721465,-14.916161241802897,91.0380397262407,-3.0029011564125048,0.0025003235193233266,-0.017477732374253357,24.996570976213423,14.997377704515852,-35.010638735273695,0.0007289495222699814,0.00018435555786998925,0.00020261896353410616,-23.0,-15.0,91.0,[1. 0. 0.],[ 0. -1.  0.],[ 0.  0. -1.],0.005428065234589496,0.023371163761126468,0.028000639093456764
1,2.01580235320417,0.01020164887116672,56.020742415075446,-3.0021755375504484,0.0026973899969489415,-0.01727329482621773,0.0,0.0,0.0,0.0,-0.0,0.0,2.0,0.0,56.0,[1. 0. 0.],[ 0. -1.  0.],[ 0.  0. -1.],0.0,0.021296158404233267,0.028000639093456764
1,31.093681845777365,-0.0020206544886581888,130.484307593856,-3.001937155517353,-0.0074075398089295755,6.574392396622091e-06,-30.041005797755098,-0.02087258473482123,-70.23428694648857,-0.0003102883480430429,0.0071587106026543374,-2.637227603564351e-05,2.0,0.0,56.0,[1. 0. 0.],[ 0. -1.  0.],[ 0.  0. -1.],0.23151997813160108,4.137882729143655,0.028000639093456764
1,-23.000586587721465,-14.916161241802897,91.0380397262407,-3.0029011564125048,0.0025003235193233266,-0.017477732374253357,24.996570976213423,14.997377704515852,-35.010638735273695,0.0007289495222699814,0.00018435555786998925,0.00020261896353410616,-23.0,-15.0,91.0,[1. 0. 0.],[ 0. -1.  0.],[ 0.  0. -1.],0.005428065234589496,0.023371163761126468,0.028000639093456764
1,2.01580235320417,0.01020164887116672,56.020742415075446,-3.0021755375504484,0.0026973899969489415,-0.01727329482621773,0.0,0.0,0.0,0.0,-0.0,0.0,2.0,0.0,56.0,[1. 0. 0.],[ 0. -1.  0.],[ 0.  0. -1.],0.0,0.021296158404233267,0.028000639093456764
1,31.093681845777365,-0.0020206544886581888,130.484307593856,-3.001937155517353,-0.0074075398089295755,6.574392396622091e-06,-30.041005797755098,-0.02087258473482123,-70.23428694648857,-0.0003102883480430429,0.0071587106026543374,-2.637227603564351e-05,2.0,0.0,56.0,[1. 0. 0.],[ 0. -1.  0.],[ 0.  0. -1.],0.23151997813160108,4.137882729143655,0.028000639093456764
1,-23.000586587721465,-14.916161241802897,91.0380397262407,-3.0029011564125048,0.0025003235193233266,-0.017477732374253357,24.996570976213423,14.997377704515852,-35.010638735273695,0.0007289495222699814,0.00018435555786998925,0.00020261896353410616,-23.0,-15.0,91.0,[1. 0. 0.],[ 0. -1.  0.],[ 0.  0. -1.],0.005428065234589496,0.023371163761126468,0.028000639093456764
