Time,Number of Nodes,Avrg Distance,Est_X,Est_Y,Est_Z,Est_Roll,Est_Pitch,Est_Yaw,GT_X,GT_Y,GT_Z,GT_Roll,GT_Pitch,GT_Yaw,Translation Difference,Rotation Difference,Cluster
0.3973779678344726,3,105.08619711999044,-49.65110426807723,-9.977833752625692,91.86532340896082,3.1413050383390333,-0.7869906754874697,9.072547584651656e-05,-49.49747383594513,-10.0,91.92387998104095,3.141592653589793,-0.7853981633974483,0.0,0.1658991390379472,0.0022760122458122,2
0.62860107421875,3,105.08619711999044,-49.65110426807723,-9.977833752625692,91.86532340896082,3.1413050383390333,-0.7869906754874697,9.072547584651656e-05,-49.49747383594513,-10.0,91.92387998104095,3.141592653589793,-0.7853981633974483,0.0,0.1658991390379472,0.0022760122458122,2
0.8448729515075684,3,105.08619711999044,-49.65110426807723,-9.977833752625692,91.86532340896082,3.1413050383390333,-0.7869906754874697,9.072547584651656e-05,-49.49747383594513,-10.0,91.92387998104095,3.141592653589793,-0.7853981633974483,0.0,0.1658991390379472,0.0022760122458122,2
1.102283000946045,3,105.08619711999044,-49.65110426807723,-9.977833752625692,91.86532340896082,3.1413050383390333,-0.7869906754874697,9.072547584651656e-05,-49.49747383594513,-10.0,91.92387998104095,3.141592653589793,-0.7853981633974483,0.0,0.1658991390379472,0.0022760122458122,2
1.3331019878387451,3,105.05792387593208,-48.10549321558748,-9.998969561706906,93.34543420921234,3.1415588902716807,-0.7855586640788698,1.2696113546174436e-05,-48.08326029777527,-10.0,93.33809351921082,3.141592653589793,-0.7853981633974483,0.0,0.0234360868580683,0.0002300232679837,2
1.5376169681549072,3,104.8513990980812,-45.87425538804847,-9.968340280335896,94.2060202291588,3.141247974002204,-0.781526192131105,1.9188343788397256e-05,-46.66904675960541,-10.0,94.75230705738068,3.141592653589793,-0.7853981633974483,0.0,0.9649481648458006,0.0054956113596336,2
1.736008882522583,3,104.8513990980812,-45.87425538804847,-9.968340280335896,94.2060202291588,3.141247974002204,-0.781526192131105,1.9188343788397256e-05,-46.66904675960541,-10.0,94.75230705738068,3.141592653589793,-0.7853981633974483,0.0,0.9649481648458006,0.0054956113596336,2
1.93661904335022,3,104.8513990980812,-45.87425538804847,-9.968340280335896,94.2060202291588,3.141247974002204,-0.781526192131105,1.9188343788397256e-05,-46.66904675960541,-10.0,94.75230705738068,3.141592653589793,-0.7853981633974483,0.0,0.9649481648458006,0.0054956113596336,2
2.1373088359832764,3,105.05792387593208,-48.10549321558748,-9.998969561706906,93.34543420921234,3.1415588902716807,-0.7855586640788698,1.2696113546174436e-05,-48.08326029777527,-10.0,93.33809351921082,3.141592653589793,-0.7853981633974483,0.0,0.0234360868580683,0.0002300232679837,2
2.33319091796875,3,105.08619711999044,-49.65110426807723,-9.977833752625692,91.86532340896082,3.1413050383390333,-0.7869906754874697,9.072547584651656e-05,-49.49747383594513,-10.0,91.92387998104095,3.141592653589793,-0.7853981633974483,0.0,0.1658991390379472,0.0022760122458122,2
2.5334510803222656,3,105.15681095691114,-50.83049270708451,-10.031349478334722,90.564819243719,-3.1412246257459486,-0.7844235458334405,-0.0001296994054666,-50.91168737411499,-10.0,90.5096664428711,3.141592653589793,-0.7853981633974483,0.0,0.103039774783416,0.0014385228278836,2
2.7446489334106445,3,105.0545342042874,-52.35353902477277,-10.000684822484535,89.09979237878417,3.14158126310759,-0.7855988032604494,-2.638357967048872e-06,-52.32590091228485,-10.0,89.09545290470123,3.141592653589793,-0.7853981633974483,0.0,0.0279850902990645,0.0002843784891915,2
2.950325965881348,3,104.9778471046914,-53.941390692206014,-9.95911039382996,87.58663137238376,3.1410884264481016,-0.7875780063519322,0.0001370594456875,-53.74011445045471,-10.0,87.68123936653137,3.141592653589793,-0.7853981633974483,0.0,0.226129958083628,0.0031390769005649,2
3.139719009399414,3,104.9778471046914,-53.941390692206014,-9.95911039382996,87.58663137238376,3.1410884264481016,-0.7875780063519322,0.0001370594456875,-53.74011445045471,-10.0,87.68123936653137,3.141592653589793,-0.7853981633974483,0.0,0.226129958083628,0.0031390769005649,2
3.344119071960449,3,104.9778471046914,-53.941390692206014,-9.95911039382996,87.58663137238376,3.1410884264481016,-0.7875780063519322,0.0001370594456875,-53.74011445045471,-10.0,87.68123936653137,3.141592653589793,-0.7853981633974483,0.0,0.226129958083628,0.0031390769005649,2
3.5986781120300293,3,104.9778471046914,-53.941390692206014,-9.95911039382996,87.58663137238376,3.1410884264481016,-0.7875780063519322,0.0001370594456875,-53.74011445045471,-10.0,87.68123936653137,3.141592653589793,-0.7853981633974483,0.0,0.226129958083628,0.0031390769005649,2
3.791872978210449,3,104.9778471046914,-53.941390692206014,-9.95911039382996,87.58663137238376,3.1410884264481016,-0.7875780063519322,0.0001370594456875,-53.74011445045471,-10.0,87.68123936653137,3.141592653589793,-0.7853981633974483,0.0,0.226129958083628,0.0031390769005649,2
4.021260976791382,3,104.9778471046914,-53.941390692206014,-9.95911039382996,87.58663137238376,3.1410884264481016,-0.7875780063519322,0.0001370594456875,-53.74011445045471,-10.0,87.68123936653137,3.141592653589793,-0.7853981633974483,0.0,0.226129958083628,0.0031390769005649,2
4.238840103149414,3,104.9778471046914,-53.941390692206014,-9.95911039382996,87.58663137238376,3.1410884264481016,-0.7875780063519322,0.0001370594456875,-53.74011445045471,-10.0,87.68123936653137,3.141592653589793,-0.7853981633974483,0.0,0.226129958083628,0.0031390769005649,2
4.436495065689087,3,104.9778471046914,-53.941390692206014,-9.95911039382996,87.58663137238376,3.1410884264481016,-0.7875780063519322,0.0001370594456875,-53.74011445045471,-10.0,87.68123936653137,3.141592653589793,-0.7853981633974483,0.0,0.226129958083628,0.0031390769005649,2
4.636138916015625,3,104.9778471046914,-53.941390692206014,-9.95911039382996,87.58663137238376,3.1410884264481016,-0.7875780063519322,0.0001370594456875,-53.74011445045471,-10.0,87.68123936653137,3.141592653589793,-0.7853981633974483,0.0,0.226129958083628,0.0031390769005649,2
4.8368079662323,3,105.0453693949741,-53.94706988253937,-11.947853923371358,87.57671065742556,3.140961349003488,-0.7876750433477632,0.0001699872029561,-53.74011445045471,-12.0,87.68123936653137,3.141592653589793,-0.7853981633974483,0.0,0.2376468287279105,0.00330444654298,2
5.032449007034302,3,105.10815626357078,-53.96281199802567,-14.013498187703377,87.5384545910814,-3.141442910188008,-0.7880006796294768,-3.856000740466866e-05,-53.74011445045471,-14.0,87.68123936653137,3.141592653589793,-0.7853981633974483,0.0,0.2648846746523722,0.0036847850106561,2
5.240542888641357,3,105.10815626357078,-53.96281199802567,-14.013498187703377,87.5384545910814,-3.141442910188008,-0.7880006796294768,-3.856000740466866e-05,-53.74011445045471,-14.0,87.68123936653137,3.141592653589793,-0.7853981633974483,0.0,0.2648846746523722,0.0036847850106561,2
5.448241949081421,3,105.05561715144876,-55.13007590435126,-14.002401608434504,86.28682129651793,-3.1415686303706574,-0.7850473339443352,-1.957133233988583e-05,-55.15432798862457,-14.0,86.26702582836151,3.141592653589793,-0.7853981633974483,0.0,0.0313973227235115,0.000496742700238,2
5.659962892532349,3,104.95749049453872,-56.632162514387225,-11.995664614726802,84.82062600601925,3.14153574343214,-0.7860639112151306,7.5216222397433265e-06,-56.568541526794434,-12.0,84.85281229019165,3.141592653589793,-0.7853981633974483,0.0,0.0714309632902673,0.0009443621217503,2
5.868912935256958,3,104.95749049453872,-56.632162514387225,-11.995664614726802,84.82062600601925,3.14153574343214,-0.7860639112151306,7.5216222397433265e-06,-56.568541526794434,-12.0,84.85281229019165,3.141592653589793,-0.7853981633974483,0.0,0.0714309632902673,0.0009443621217503,2
6.066948175430298,3,104.98860706403384,-55.12437604025187,-12.018487406229482,86.29479411557188,-3.141385990871146,-0.7849598493399047,-5.407494635934492e-05,-55.15432798862457,-12.0,86.26702582836151,3.141592653589793,-0.7853981633974483,0.0,0.0448328135968775,0.0006662612428199,2
6.269224882125855,3,105.0453693949741,-53.94706988253937,-11.947853923371358,87.57671065742556,3.140961349003488,-0.7876750433477632,0.0001699872029561,-53.74011445045471,-12.0,87.68123936653137,3.141592653589793,-0.7853981633974483,0.0,0.2376468287279105,0.00330444654298,2
6.469671964645386,3,105.11996858058863,-52.35831850286253,-11.999623244049388,89.08731834745345,3.141578834536919,-0.7856991379959725,-3.506784523190677e-06,-52.32590091228485,-12.0,89.09545290470123,3.141592653589793,-0.7853981633974483,0.0,0.0334247385259097,0.0004262804581329,2
6.670353889465332,3,105.34117109338077,-50.83452926366871,-12.043906544340336,90.55208401143211,-3.141073755545781,-0.7845172422498764,-0.0001674139136808,-50.91168737411499,-12.0,90.5096664428711,3.141592653589793,-0.7853981633974483,0.0,0.0983890683266116,0.001378771106135,2
6.869471073150635,3,105.34117109338077,-50.83452926366871,-12.043906544340336,90.55208401143211,-3.141073755545781,-0.7845172422498764,-0.0001674139136808,-50.91168737411499,-12.0,90.5096664428711,3.141592653589793,-0.7853981633974483,0.0,0.0983890683266116,0.001378771106135,2
7.076210975646973,3,105.34117109338077,-50.83452926366871,-12.043906544340336,90.55208401143211,-3.141073755545781,-0.7845172422498764,-0.0001674139136808,-50.91168737411499,-12.0,90.5096664428711,3.141592653589793,-0.7853981633974483,0.0,0.0983890683266116,0.001378771106135,2
7.272364139556885,3,105.27165480520542,-49.657820368810775,-11.955654534147223,91.85680028953884,3.1410464240801463,-0.787085201030756,0.0001721638682566,-49.49747383594513,-12.0,91.92387998104095,3.141592653589793,-0.7853981633974483,0.0,0.1793800879578118,0.0024661694847444,2
7.481288909912109,3,105.27165480520542,-49.657820368810775,-11.955654534147223,91.85680028953884,3.1410464240801463,-0.787085201030756,0.0001721638682566,-49.49747383594513,-12.0,91.92387998104095,3.141592653589793,-0.7853981633974483,0.0,0.1793800879578118,0.0024661694847444,2
7.677800893783569,3,107.18861602265078,-51.01521506826592,-11.93621229329687,93.31466753753644,3.140815041598233,-0.7863949699381043,0.0002507292400867,-50.91168737411499,-12.0,93.33809351921082,3.141592653589793,-0.7853981633974483,0.0,0.1238371172147535,0.0016645130783311,2
7.889620065689087,3,109.13281826944484,-52.05897194312445,-12.092219123406098,94.90611341348009,-3.1405587400924664,-0.7825539211586828,-0.0003332024544138,-52.32590091228485,-12.0,94.75230705738068,3.141592653589793,-0.7853981633974483,0.0,0.3215771081333349,0.0041912290780162,2
8.089952945709229,3,111.07562977566704,-53.85800078144316,-11.914939005678129,96.14160464824856,3.14059623106716,-0.7864937838128734,0.0003210459918198,-53.74011445045471,-12.0,96.16652059555054,3.141592653589793,-0.7853981633974483,0.0,0.1474902173667748,0.0019202400558455,2
8.25108289718628,3,112.98765602399884,-55.25111332362376,-12.01842021828142,97.55227921383204,-3.1414186978512366,-0.7862531324342239,-5.212316523628823e-05,-55.15432798862457,-12.0,97.5807341337204,3.141592653589793,-0.7853981633974483,0.0,0.1025494416283853,0.001225659892185,2
8.490859985351562,3,114.94648128626156,-56.59409863237986,-11.987762025447966,99.00764253623464,3.1414486199646694,-0.78550681134873,2.378132947059605e-05,-56.568541526794434,-12.0,98.99494767189026,3.141592653589793,-0.7853981633974483,0.0,0.0310498510103164,0.0002377865825724,2
8.696681022644043,3,116.91902237041744,-58.16711590460656,-11.930126524751492,100.35215779834355,3.140809185097347,-0.7870261914774589,0.0002412280654824,-57.98275506496429,-12.0,100.40916121006012,3.141592653589793,-0.7853981633974483,0.0,0.205233064305509,0.0024718382192436,2
8.898377895355225,3,118.81967069041993,-59.68746951183324,-11.932552711047542,101.69273169025053,3.140867194900636,-0.7880797084802849,0.0002148738152993,-59.39696860313416,-12.0,101.82337474822998,3.141592653589793,-0.7853981633974483,0.0,0.3255879655949386,0.0038839139790932,2
9.110736846923828,3,120.73663371055422,-60.45761019483208,-12.14404511561652,103.43067205187032,-3.1401459651378625,-0.7820221790273734,-0.0004028150432324,-60.811182141304016,-12.0,103.23758828639984,3.141592653589793,-0.7853981633974483,0.0,0.4278357829275089,0.0050655076325533,2
9.31811499595642,3,122.71727223247046,-62.27155303574069,-12.046877025492762,104.64064698232376,-3.141148821713735,-0.7858095154922918,-0.0001270348424499,-62.22539567947388,-12.0,104.6518018245697,3.141592653589793,-0.7853981633974483,0.0,0.0667262134555995,0.0007779233509646,2
9.518981218338013,3,124.7007797706262,-63.901990310368205,-11.886506642805353,105.95383900841408,3.1404417327655643,-0.7877323783572922,0.0003364696093421,-63.63960921764374,-12.0,106.06601536273956,3.141592653589793,-0.7853981633974483,0.0,0.3070962624591046,0.0035603631719825,2
9.72318696975708,3,126.613957634237,-64.96728432528751,-11.967182626778872,107.55534728946311,3.1412470690603933,-0.7845504900094241,0.0001055480200614,-65.0538227558136,-12.0,107.48022890090942,3.141592653589793,-0.7853981633974483,0.0,0.1192000513504791,0.0012629778293325,2
9.932744026184082,3,128.5111865943509,-66.5685388723398,-12.027752645515877,108.85920532904396,-3.141360666832377,-0.7862346564136633,-6.133000264781075e-05,-66.46803629398346,-12.0,108.89444243907928,3.141592653589793,-0.7853981633974483,0.0,0.1100574009916867,0.0012142242306532,2
10.143664121627808,3,130.5867797364636,-69.0644370858025,-12.075266634683189,109.04845830455996,-3.140910927835162,-0.7833013278056882,-0.0001886119646858,-69.29646337032318,-12.0,108.89444243907928,3.141592653589793,-0.7853981633974483,0.0,0.28848249483248,0.0030709577282377,2
10.349299907684326,3,132.64624925558965,-71.99323160478083,-12.05814247786995,109.0193537427684,-3.141095042323151,-0.7839246724131643,-0.0001207771978073,-72.1248904466629,-12.0,108.89444243907928,3.141592653589793,-0.7853981633974483,0.0,0.1905713309181034,0.0021672321082027,1
10.557000875473022,3,134.54753808880074,-73.2121457816089,-12.109540669224549,110.52303240316952,-3.14064132281866,-0.7824556187998987,-0.0002160069163488,-73.53910398483276,-12.0,110.30865597724916,3.141592653589793,-0.7853981633974483,0.0,0.4060271873408688,0.004317421728921,1
10.757553815841677,3,136.37113184622748,-73.9693793765825,-11.836529197118148,112.91953148391868,3.1401185804288008,-0.7889344548179277,0.0003644606922162,-73.53910398483276,-12.0,113.13708305358888,3.141592653589793,-0.7853981633974483,0.0,0.5091053934169097,0.0053009327604207,1
10.95871114730835,3,138.28079388568096,-73.40001569643304,-12.02744818309104,116.09313405853548,-3.141371482925699,-0.7839383743999125,-7.238305693243494e-05,-73.53910398483276,-12.0,115.9655101299286,3.141592653589793,-0.7853981633974483,0.0,0.1907533010933765,0.0020796709464504,1
11.1702721118927,3,140.34028791467753,-72.70463113216653,-12.190990023817491,119.30674423164209,-3.139960806154406,-0.7783816573649871,-0.0004478403065674,-73.53910398483276,-12.0,118.79393720626832,3.141592653589793,-0.7853981633974483,0.0,0.9978943713176434,0.0101059118140256,1
11.432991981506348,3,142.29046831864414,-73.71384826831567,-12.05228425271205,121.52778380548892,-3.141167409007952,-0.7868521001429325,-0.0001095968069301,-73.53910398483276,-12.0,121.62236428260805,3.141592653589793,-0.7853981633974483,0.0,0.205462099531011,0.0021169874939826,1
11.654061079025269,3,144.28824201200868,-73.12622424202027,-12.242358902879984,124.67439430209484,-3.1395639209435195,-0.7821937833208599,-0.0005833439869137,-73.53910398483276,-12.0,124.45079135894775,3.141592653589793,-0.7853981633974483,0.0,0.5283992770757217,0.005109425229401,1
11.864776849746704,3,146.21050448017488,-73.96824141515349,-12.08099900650401,127.0479675569652,-3.140940854045572,-0.788728129058041,-0.0001890788804958,-73.53910398483276,-12.0,127.27921843528748,3.141592653589793,-0.7853981633974483,0.0,0.4941626674302073,0.0047696275536842,1
12.079571962356567,3,148.28820991075526,-73.36459329144753,-12.084505491042458,130.24359408611878,-3.1409259378536043,-0.7838633811043403,-0.0002099397230481,-73.53910398483276,-12.0,130.1076455116272,3.141592653589793,-0.7853981633974483,0.0,0.2368061971917395,0.0023005846339254,1
12.297285079956056,4,144.98469469851057,-73.2390285219262,-11.970901563676875,133.1143040656643,3.141336525600668,-0.7831949246029486,8.842100142986786e-05,-73.53910398483276,-12.0,132.93607258796692,3.141592653589793,-0.7853981633974483,0.0,0.3502263012356874,0.0031291169248432,1
12.505425930023192,4,146.96050978840034,-73.43098368746882,-11.879075466613497,135.84494606976295,3.1406244288392275,-0.7844513397950158,0.0003090109446199,-73.53910398483276,-12.0,135.76449966430664,3.141592653589793,-0.7853981633974483,0.0,0.1810645344280649,0.001735799798449,1
12.706753969192505,4,148.89252611590877,-74.27960329549627,-11.982953518278276,138.21499682832797,3.1414472940925275,-0.790691201892206,5.7658613019535344e-05,-73.53910398483276,-12.0,138.59292674064636,3.141592653589793,-0.7853981633974483,0.0,0.8315412378572751,0.0074871570326571,1
12.87559700012207,4,150.76000954174287,-73.21722261852244,-12.159517034713724,141.6215110823833,-3.1403754840680818,-0.7829904024425034,-0.0004037205171512,-73.53910398483276,-12.0,141.42135381698608,3.141592653589793,-0.7853981633974483,0.0,0.4112374365654879,0.003673607939363,1
13.114405870437622,4,152.60667734618076,-73.65485888527903,-12.132364014791367,144.2148313430449,-3.1405890958503058,-0.7860929273817495,-0.0003470592316236,-73.53910398483276,-12.0,144.2497808933258,3.141592653589793,-0.7853981633974483,0.0,0.1792788343721909,0.001495019677489,1
13.312803030014038,4,154.557138276931,-73.64275773614628,-11.9320933099091,147.0238288402893,3.1410813418155104,-0.7862095306543786,0.0001754769486881,-73.53910398483276,-12.0,147.07820796966553,3.141592653589793,-0.7853981633974483,0.0,0.1353237171828447,0.0012834399630497,1
13.52580714225769,4,156.71948685665615,-72.69866296023866,-12.056504682585476,150.37023224192356,-3.1411897376991877,-0.77964849208365,-0.0001522753579007,-73.53910398483276,-12.0,149.90663504600525,3.141592653589793,-0.7853981633974483,0.0,0.9614864819841128,0.0081434192222161,1
13.738892078399658,4,158.8492042481889,-73.1718185087741,-12.168345152561722,152.94867263258612,-3.1403524493953925,-0.7827824980788777,-0.000464349672846,-73.53910398483276,-12.0,152.73506212234497,3.141592653589793,-0.7853981633974483,0.0,0.4570209638519422,0.0039451393726607,1
13.947941780090332,4,160.94544860881885,-72.01969933843274,-12.51593174774142,156.19691545641768,-3.137764208047373,-0.775843220165188,-0.0014111853458086,-73.53910398483276,-12.0,155.5634891986847,3.141592653589793,-0.7853981633974483,0.0,1.7251101042585968,0.0141661904371045,1
14.151280879974363,4,162.2883352523233,-71.39142195771251,-11.4183739328585,158.37074739408385,3.136961517386166,-0.7797107094992651,0.0029320470589036,-73.53910398483276,-12.0,158.3919162750244,3.141592653589793,-0.7853981633974483,0.0,2.225146083544657,0.0092962574800144,1
14.362705945968628,4,163.854490729279,-69.52144868277973,-13.066353578449196,161.20091804673083,-3.1322048132877898,-0.7753398235563544,-0.0053210560053414,-73.53910398483276,-12.0,161.22034335136414,3.141592653589793,-0.7853981633974483,0.0,4.1568066376542365,0.0171448917137964,1
14.556549787521362,4,166.75755806362912,-76.25121925116855,-11.618134376129223,161.37057731127098,3.138834719173791,-0.7843473936193033,0.0010300860017337,-76.36753106117249,-12.0,161.22034335136414,3.141592653589793,-0.7853981633974483,0.0,0.42652084890413,0.0033928898699809,1
14.75957989692688,4,168.43792159690685,-80.40308872651063,-11.839191100840733,160.6626069283742,3.140436612983533,-0.7927974040528856,0.0004182773789007,-79.1959581375122,-12.0,161.22034335136414,3.141592653589793,-0.7853981633974483,0.0,1.339437821802156,0.0105426295862107,1
14.969840049743652,4,170.5017525544391,-82.37786701226833,-12.276529806317132,161.10073540825528,-3.139703261336734,-0.7875184336783951,-0.0006509726456852,-82.02438521385193,-12.0,161.22034335136414,3.141592653589793,-0.7853981633974483,0.0,0.4644611669969977,0.0036736532571702,1
15.170440912246704,4,172.67913968625805,-80.08980375453642,-11.9270159077114,164.98676336500262,3.141105769048675,-0.7736859485754424,0.0001618898079019,-82.02438521385193,-12.0,164.04877042770386,3.141592653589793,-0.7853981633974483,0.0,2.1512235706399445,0.0165726791666164,1
15.367907047271729,5,169.81428210752574,-81.98802554931592,-12.437112286465249,166.87018376808632,-3.138629683169808,-0.7853644334695356,-0.0010548148423593,-82.02438521385193,-12.0,166.87719750404358,3.141592653589793,-0.7853981633974483,0.0,0.4386779783350485,0.0033084967152476,0
15.572570085525513,5,171.8327705625459,-83.63405970773165,-11.212549753884971,169.06038355363157,3.1362290472675403,-0.7945690817488238,0.0019576657021741,-82.02438521385193,-12.0,169.7056245803833,3.141592653589793,-0.7853981633974483,0.0,1.9045907300407596,0.0142680015252888,0
15.784201860427856,5,173.7457525805064,-82.83277630955669,-12.651993281178822,172.1007559045231,-3.1372337721975065,-0.7902621903832971,-0.0016033772741302,-82.02438521385193,-12.0,172.53405165672302,3.141592653589793,-0.7853981633974483,0.0,1.1253162271964092,0.0084049289701741,0
16.001056909561157,5,175.6652506435813,-82.3017652691967,-11.42758180302883,175.33678186093957,3.137780627107397,-0.7866593647333885,0.0014322564679023,-82.02438521385193,-12.0,175.36247873306274,3.141592653589793,-0.7853981633974483,0.0,0.6366024006895556,0.0045710677081397,0
16.20812487602234,5,177.5129762706988,-82.76869318101373,-12.007655609455986,177.90357198308146,-3.141562385876377,-0.7894502639830521,-8.268784507900412e-07,-82.02438521385193,-12.0,178.19090580940247,3.141592653589793,-0.7853981633974483,0.0,0.7978807467817138,0.0057306854313871,0
16.414469003677368,5,178.9555930658037,-84.22772663923558,-10.757072270361247,179.08842381283455,3.130196634891194,-0.8042891380681055,0.0102441777326618,-82.02438521385193,-12.0,181.0193328857422,3.141592653589793,-0.7853981633974483,0.0,3.1824507263669704,0.029310796462579,0
16.619483947753906,5,180.58886172291264,-84.1015222856324,-10.577954711780098,181.38804729711111,3.129429915607883,-0.7995400442335756,0.0112761217441465,-83.43859875202179,-12.0,182.43354642391205,3.141592653589793,-0.7853981633974483,0.0,1.8854041575494405,0.0237479420678829,0
16.823522090911865,5,183.59999000912785,-86.12110795731806,-11.776979624848517,183.29050228951007,3.140160068151338,-0.7922756155514245,0.0005587021109998,-84.85281229019165,-12.0,183.8477599620819,3.141592653589793,-0.7853981633974483,0.0,1.4031564775977456,0.0098516782954457,0
17.0324809551239,5,185.68570935579004,-84.65762962664597,-12.663476600025636,186.02602944745303,-3.1374676636338457,-0.7766057247286856,-0.0015591052131479,-86.26702582836151,-12.0,185.26197350025177,3.141592653589793,-0.7853981633974483,0.0,1.9010888520349585,0.0132436687154555,0
17.23474407196045,5,187.4165029517177,-90.5273876194656,-11.60206486244629,184.6519661963368,3.1391155783848377,-0.7929207181252992,0.0009133630723437,-89.09545290470123,-12.0,185.26197350025177,3.141592653589793,-0.7853981633974483,0.0,1.6065174483574405,0.0109860813597948,0
17.445669889450073,5,189.5015344215783,-89.22797194294394,-12.157854553375516,187.4874635407421,-3.14070813653124,-0.7782116514492908,-0.0003197911194474,-90.5096664428711,-12.0,186.67618703842163,3.141592653589793,-0.7853981633974483,0.0,1.525066691781792,0.0102109522834965,0
17.645161867141724,5,191.30986215547296,-91.54668408302388,-11.991528020570914,188.2065670570998,3.141590812438766,-0.7834767099115179,-2.603915589556305e-07,-91.92387998104095,-12.0,188.0904005765915,3.141592653589793,-0.7853981633974483,0.0,0.3947697697519929,0.0027173466598114,0
17.851688861846924,5,193.370476385735,-91.63791629427188,-12.369069226755087,190.53494780007537,-3.139463568978965,-0.7759396931724057,-0.0007754990210216,-93.33809351921082,-12.0,189.50461411476132,3.141592653589793,-0.7853981633974483,0.0,2.0219797707770084,0.0135847235870372,0
18.057217121124268,5,195.03189892057543,-96.6923721581534,-11.84838998187483,189.86248450612945,3.1407315388389625,-0.7957858391480335,0.0003123890774473,-94.75230705738068,-12.0,190.9188276529312,3.141592653589793,-0.7853981633974483,0.0,2.2142039284192694,0.0147213807251954,0
18.262812852859497,5,196.8638905666588,-94.73423946076257,-12.816896823509648,193.0609146877569,-3.136838791400216,-0.7780358183783148,-0.0016788945068996,-96.16652059555054,-12.0,192.33304119110107,3.141592653589793,-0.7853981633974483,0.0,1.802373295536665,0.0116940960658393,0
18.461711168289185,5,199.08421098654296,-97.94729963651596,-11.71030834707236,194.40975870681936,3.1398633698808736,-0.7942398216127683,0.0006151736855968,-96.16652059555054,-12.0,195.1614682674408,3.141592653589793,-0.7853981633974483,0.0,1.9545236018138452,0.0126516503479838,0
18.671669960021973,5,201.11080882320385,-97.33178664935365,-12.297301328962376,197.31256832143512,-3.139833469863903,-0.7916005023653878,-0.0006319986742218,-96.16652059555054,-12.0,197.9898953437805,3.141592653589793,-0.7853981633974483,0.0,1.3802191679396218,0.0089873037522339,0
18.876628875732425,5,203.46789420608437,-95.5646819148562,-12.404024005603777,201.2523131777175,-3.139343454996782,-0.7819692795664742,-0.0008302541043441,-96.16652059555054,-12.0,200.81832242012024,3.141592653589793,-0.7853981633974483,0.0,0.8448628127476489,0.0054532659859503,0
19.091114044189453,5,205.5130315160412,-97.3499590159797,-11.048271494434632,203.08066276278743,3.1361940570924425,-0.7912886047232587,0.0020284005819296,-96.16652059555054,-12.0,203.64674949646,3.141592653589793,-0.7853981633974483,0.0,1.6207306479775043,0.0102395592228671,0
19.307594060897827,5,205.76000058997548,-95.55282651028104,-11.356792439014349,204.67412292594025,3.13795977439389,-0.7892705047257912,0.0013917208880613,-94.75230705738068,-12.0,205.06096303462985,3.141592653589793,-0.7853981633974483,0.0,1.097357111733441,0.0067772601846918,0
19.520112991333008,5,205.75349275752023,-96.49142547516053,-16.503024382520753,203.4226322974904,-3.109933723533127,-0.8025062311272135,-0.0231199442606696,-93.33809351921082,-12.0,206.47517657279968,3.141592653589793,-0.7853981633974483,0.0,6.287985175452735,0.0399993703032505,0
19.724678993225098,5,205.8413761205423,-92.98348815883315,-12.353409915143764,205.42788359044533,-3.1397252565174494,-0.7949982616199431,-0.0021303554898655,-91.92387998104095,-12.0,207.88939011096957,3.141592653589793,-0.7853981633974483,0.0,2.7030875696412857,0.0137572876821503,0
19.992424964904785,5,205.8770279502736,-92.44381279631484,-9.609534770411743,205.5942395855757,3.1238794143913564,-0.8011810411860111,0.0115192631333109,-90.5096664428711,-12.0,209.3036036491394,3.141592653589793,-0.7853981633974483,0.0,4.818156067051768,0.0285394185137164,0
20.20135307312012,5,205.9493853144651,-87.89247379842891,-9.20240346626488,207.4331782772732,3.121117273302404,-0.7882038860410768,0.0128505327401882,-89.09545290470123,-12.0,210.7178171873093,3.141592653589793,-0.7853981633974483,0.0,4.4791246762082135,0.0209608690791076,0
20.41947221755981,5,206.0753562896902,-90.88035258706446,-15.321705304551262,205.62983743411013,-3.120370173330331,-0.8116668522273663,-0.0161357125302924,-87.68123936653137,-12.0,212.13203072547915,3.141592653589793,-0.7853981633974483,0.0,7.971610196591251,0.0429258474939891,0
20.62948703765869,5,206.17016236464303,-86.38504204496346,-16.070990672016006,207.36511845589763,-3.116017114547942,-0.7988564035430673,-0.0192637398735368,-86.26702582836151,-12.0,213.546244263649,3.141592653589793,-0.7853981633974483,0.0,7.402243520060133,0.0320168739098182,0
20.843364000320435,5,206.2467786201625,-83.05973171014921,-8.689235346873053,209.0389999313388,3.115912265476296,-0.7916259723037318,0.0163543157997132,-84.85281229019165,-12.0,214.96045780181885,3.141592653589793,-0.7853981633974483,0.0,7.017119342493065,0.0272426130424193,0
21.048009872436523,5,206.383678786902,-86.24252599204718,-18.14117034867756,206.82052463725265,-3.1013017186229623,-0.8157184035331406,-0.0309906068618362,-83.43859875202179,-12.0,216.3746713399887,3.141592653589793,-0.7853981633974483,0.0,11.69861959532986,0.0590866192193967,0
21.26292610168457,5,206.53212625226283,-86.07154438619713,-18.17452476433457,206.7818468425353,-3.1010449241029523,-0.8238121888665272,-0.0316838974456293,-82.02438521385193,-12.0,217.78888487815857,3.141592653589793,-0.7853981633974483,0.0,13.253646281281885,0.0681123348065685,0
21.46757197380066,5,206.734141512694,-80.98873773656098,-17.21040496396837,208.9176960509924,-3.1093885506749634,-0.8089630036910198,-0.0253562332739889,-80.61017167568207,-12.0,219.20309841632843,3.141592653589793,-0.7853981633974483,0.0,11.53607966199334,0.0466364505714037,0
21.673825979232788,5,206.97271348375503,-78.07621885053923,-9.680928501318585,210.9007549014524,3.119931816073247,-0.8034965914713538,0.0142674558547103,-79.1959581375122,-12.0,220.6173119544983,3.141592653589793,-0.7853981633974483,0.0,10.052034105189051,0.0335660901880191,0
21.883057832717896,5,207.1124688994599,-81.53801795619103,-18.37282521518596,208.39354392327328,-3.100895009433943,-0.8292401490352653,-0.0326580637639858,-77.78174459934235,-12.0,222.03152549266812,3.141592653589793,-0.7853981633974483,0.0,15.51505823520606,0.0744579046253045,0
22.08450412750244,5,209.02500155934544,-73.32993539183795,-10.888465989657542,214.7247888853085,3.127880012694673,-0.7953947926843666,0.0083054762469044,-77.78174459934235,-12.0,224.85995256900787,3.141592653589793,-0.7853981633974483,0.0,11.125450821047547,0.0198095477731651,0
22.28435611724853,5,210.7028367790685,-45.954092256915445,-9.82113125744139,220.07290013759263,3.1223678787480167,-0.6830865481644764,0.0135036686840824,-77.78174459934235,-12.0,227.6883796453476,3.141592653589793,-0.7853981633974483,0.0,32.798512935203746,0.1465603411485247,0
22.49868106842041,5,212.31557564429977,-79.65623208560163,-16.66399187441449,215.34262935244053,-3.1121893319031844,-0.8367508795848858,-0.0267286786757741,-77.78174459934235,-12.0,230.5168067216873,3.141592653589793,-0.7853981633974483,0.0,15.985061225222369,0.0791707006723034,0
22.69772291183472,5,214.11637438223408,-68.60106548716485,-7.208268369234738,222.2006441272069,3.117708818083287,-0.7908885502508759,0.0152014479403559,-77.78174459934235,-10.0,233.34523379802704,3.141592653589793,-0.7853981633974483,0.0,14.706478619640308,0.0252082976155564,0
22.90367794036865,5,215.8762634465324,-65.2850550920714,-6.115236183045277,225.07095622219512,3.12251036192606,-0.7819252037078157,0.0141271470132785,-77.78174459934235,-8.0,236.1736608743668,3.141592653589793,-0.7853981633974483,0.0,16.822295737508338,0.0196763543346888,0
23.11100482940674,5,217.553575710012,-79.52782411211298,-16.519739991372333,221.29766381550655,-3.0862879234895564,-0.842672136248059,-0.0452302656019256,-79.1959581375122,-8.0,237.58787441253665,3.141592653589793,-0.7853981633974483,0.0,18.38660017081126,0.0987608052250067,0
23.317344903945923,5,217.234826549767,-81.9568440579859,-17.36177391722227,220.1046189643241,-3.079276804267211,-0.8447474084408481,-0.0507483642766559,-80.61017167568207,-8.0,236.1736608743668,3.141592653589793,-0.7853981633974483,0.0,18.645923020573477,0.1051990826370882,0
23.52639579772949,5,217.0737555486984,-83.115004478861,-16.383773045863702,220.1664633286748,-3.086677639096008,-0.8417296742831445,-0.0438150231241804,-82.02438521385193,-8.0,234.7594473361969,3.141592653589793,-0.7853981633974483,0.0,16.865120311149756,0.0972368314672952,0
23.733561038970947,5,216.7449648960277,-83.77803829758206,-17.088879283017647,219.505636366291,-3.080912819471492,-0.8361242657916677,-0.0485392096563977,-83.43859875202179,-8.0,233.34523379802704,3.141592653589793,-0.7853981633974483,0.0,16.5607186709657,0.0946014013965886,0
23.93427991867065,5,216.54988746399937,-75.21673293731169,-4.344300867466592,224.00530778893275,3.115241651392264,-0.790078736876013,0.0171979015712866,-84.85281229019165,-8.0,231.9310202598572,3.141592653589793,-0.7853981633974483,0.0,13.001349145929892,0.0272358023311684,0
24.146055936813354,5,216.30602775152835,-84.83643248175261,-16.935888102755555,219.14152575804667,-3.081760029130672,-0.8239835726671905,-0.0471944578894901,-86.26702582836151,-8.0,230.5168067216873,3.141592653589793,-0.7853981633974483,0.0,14.535945463233386,0.0816026190410848,0
24.349288940429688,5,216.1968263444057,-81.59415565881238,-5.08669906103948,221.73260317955223,3.1205791166422983,-0.8021266152418254,0.0137577400397961,-87.68123936653137,-8.0,229.10259318351743,3.141592653589793,-0.7853981633974483,0.0,9.992830584187503,0.0317161825069501,0
24.560848236083984,5,215.9424446000352,-87.81234373413582,-17.088875534285403,218.0770589538217,-3.080369988884146,-0.820407060473746,-0.0469938821166111,-89.09545290470123,-8.0,227.6883796453476,3.141592653589793,-0.7853981633974483,0.0,13.290278893111104,0.0791853681553862,0
24.764368057250977,5,216.02549746535487,-84.96881224552895,-3.172073001328974,220.59995008804688,3.1222221143301265,-0.8007657334325334,0.012452076561209,-90.5096664428711,-6.0,226.2741661071777,3.141592653589793,-0.7853981633974483,0.0,8.41991471321282,0.0292489703929323,0
24.982090950012207,5,215.84960231602176,-84.68586747170826,-0.9835604975040602,220.56687960999037,3.1217289127606893,-0.7915597292857361,0.0126098081864732,-91.92387998104095,-4.0,224.85995256900787,3.141592653589793,-0.7853981633974483,0.0,8.939698417112407,0.0217828975286738,0
25.194561004638672,5,215.48490055528535,-86.53817716835097,2.270267776670624,219.3581065230904,3.114737208303724,-0.792374116969823,0.0160843461834185,-93.33809351921082,-2.0,223.445739030838,3.141592653589793,-0.7853981633974483,0.0,9.010149209727755,0.028848462924298,0
25.403472900390625,5,215.4089230329732,-91.64115425796766,1.433974217032992,217.4392964517703,3.119601811319724,-0.8073552504720453,0.0141734982065187,-94.75230705738068,-2.0,222.03152549266812,3.141592653589793,-0.7853981633974483,0.0,6.523803969204501,0.0380809215641465,0
25.61403489112854,5,215.2995399236635,-90.70473433626516,1.8359695044669668,217.85361464877428,3.118532762353508,-0.7945898625294959,0.0134612451972239,-96.16652059555054,-2.0,220.6173119544983,3.141592653589793,-0.7853981633974483,0.0,7.223835129554469,0.0267038612107382,0
25.826331853866577,5,215.2594141227501,-92.75773678287185,5.174557222143282,216.97873118725823,3.1099643063827003,-0.795540864919888,0.0198009136259424,-97.5807341337204,0.0,219.20309841632843,3.141592653589793,-0.7853981633974483,0.0,7.415197600960394,0.0348930531587839,0
26.04074597358704,5,218.2138659847688,-100.86337867581707,4.213892108946485,217.5911897589927,3.1297398692367677,-0.7927879003620654,0.0045873681844562,-98.99494767189026,2.0,217.78888487815857,3.141592653589793,-0.7853981633974483,0.0,2.9036935180270818,0.0166708886997528,0
26.256965160369877,5,218.016400730731,-98.38712455893896,3.891587502102924,218.1966372795852,-3.140864134325042,-0.7743692794324497,-0.0002673057616122,-100.40916121006012,4.0,216.3746713399887,3.141592653589793,-0.7853981633974483,0.0,2.723957667297234,0.0156181527465331,0
26.47402119636536,5,217.68408195139483,-106.04604872188216,6.9866208064397615,212.08550119320907,3.1360646882294523,-0.8066839120135986,0.0020702946475675,-101.82337474822998,6.0,214.96045780181885,3.141592653589793,-0.7853981633974483,0.0,5.202861866785287,0.0307099697164036,0
26.68711805343628,5,217.68408195139483,-106.04604872188216,6.9866208064397615,212.08550119320907,3.1360646882294523,-0.8066839120135986,0.0020702946475675,-101.82337474822998,6.0,214.96045780181885,3.141592653589793,-0.7853981633974483,0.0,5.202861866785287,0.0307099697164036,0
26.8972909450531,5,217.68408195139483,-106.04604872188216,6.9866208064397615,212.08550119320907,3.1360646882294523,-0.8066839120135986,0.0020702946475675,-101.82337474822998,6.0,214.96045780181885,3.141592653589793,-0.7853981633974483,0.0,5.202861866785287,0.0307099697164036,0
27.113778829574585,5,217.68408195139483,-106.04604872188216,6.9866208064397615,212.08550119320907,3.1360646882294523,-0.8066839120135986,0.0020702946475675,-101.82337474822998,6.0,214.96045780181885,3.141592653589793,-0.7853981633974483,0.0,5.202861866785287,0.0307099697164036,0
27.329684019088745,5,217.68408195139483,-106.04604872188216,6.9866208064397615,212.08550119320907,3.1360646882294523,-0.8066839120135986,0.0020702946475675,-101.82337474822998,6.0,214.96045780181885,3.141592653589793,-0.7853981633974483,0.0,5.202861866785287,0.0307099697164036,0
27.54448199272156,5,217.34627261665503,-105.12616558603033,7.270319322432938,211.8298619449833,3.1345535367259187,-0.7956600510459169,0.0026008270311866,-103.23758828639984,6.0,213.546244263649,3.141592653589793,-0.7853981633974483,0.0,2.850684770621652,0.0164678107722385,0
27.75779104232788,5,217.3435999894156,-105.78890961511506,7.333490418021728,210.7375267043587,3.1342407099827034,-0.7922612052461477,0.0026442329602821,-104.6518018245697,6.0,212.13203072547915,3.141592653589793,-0.7853981633974483,0.0,2.2396098515580305,0.0126930443799228,0
27.975032091140747,5,217.0478506342216,-108.33096525838153,7.005256859732117,208.7481605809422,3.136008745043992,-0.7978255841778924,0.0019710520810257,-106.06601536273956,6.0,210.7178171873093,3.141592653589793,-0.7853981633974483,0.0,3.1654520263008954,0.0186462485637044,0
28.18743705749512,5,215.4219294308711,-105.00446238739184,7.755742683378379,208.9242442627441,3.132031225020875,-0.7873451000229384,0.003374838827949,-104.6518018245697,6.0,209.3036036491394,3.141592653589793,-0.7853981633974483,0.0,1.8305505693241368,0.0110382952639477,0
28.46069288253784,5,213.5649769080149,-105.2479015896656,6.868160543339384,207.0181981772361,3.1368838847384946,-0.7947853636828918,0.0016784764463576,-103.23758828639984,6.0,207.88939011096957,3.141592653589793,-0.7853981633974483,0.0,2.3567005944117745,0.0142743522213295,0
28.670902013778687,5,211.8070897525015,-102.98475423122356,10.178666379680276,206.24185727779692,3.129708074324804,-0.7903026749246963,0.0042622856763827,-101.82337474822998,8.0,206.47517657279968,3.141592653589793,-0.7853981633974483,0.0,2.4798845519274018,0.0149432182057075,0
28.887805938720703,5,209.59676844551285,-101.98158177492462,6.847126615253879,204.235840683233,-3.1350301268195038,-0.7847908960483376,-0.0023204084512185,-101.82337474822998,8.0,203.64674949646,3.141592653589793,-0.7853981633974483,0.0,1.304290968643575,0.0073879648866259,0
29.101665019989014,5,207.5252360522913,-100.62828452659164,7.142687490999545,202.0951876296677,3.135412356703559,-0.7782777034071253,0.0021526875286442,-101.82337474822998,6.0,200.81832242012024,3.141592653589793,-0.7853981633974483,0.0,2.0891050962780846,0.012229672568227,0
29.327871084213257,5,205.4833549721376,-101.88480186427005,5.214234017381296,198.8606896399101,-3.136973100207226,-0.7837789578795751,-0.0015881662658463,-101.82337474822998,6.0,197.9898953437805,3.141592653589793,-0.7853981633974483,0.0,1.174514442736896,0.0056775345439148,0
29.53473305702209,5,203.5461035539853,-101.53711848212288,7.807620168060373,195.44771749053004,-3.1406393182883803,-0.7921757640836578,-0.0003321141865851,-100.40916121006012,8.0,196.57568180561063,3.141592653589793,-0.7853981633974483,0.0,1.6067361648483756,0.0096442268332337,0
29.74626898765564,5,201.44763182716167,-100.32016687632792,10.08017198305544,193.5822282105744,3.1295684736547598,-0.7853473307115013,0.0040915882497072,-100.40916121006012,8.0,193.7472547292709,3.141592653589793,-0.7853981633974483,0.0,2.0886046113131016,0.013546149067548,0
29.9533429145813,5,199.56266667460943,-99.5024713699512,10.221972481218096,192.03502903001265,3.14030802148035,-0.7882004983525683,0.0004198816004646,-98.99494767189026,10.0,192.33304119110107,3.141592653589793,-0.7853981633974483,0.0,0.6290177538576891,0.0042227402626514,0
30.163285970687863,5,198.3117785494591,-94.14101502124588,13.088807779830526,192.634405658481,3.1352797633040272,-0.7674690120245292,0.0021666235285571,-97.5807341337204,12.0,190.9188276529312,3.141592653589793,-0.7853981633974483,0.0,3.9950441608658185,0.0263370792859463,0
30.37445187568665,5,196.57494113146367,-96.8465417555454,12.039089679958966,189.04213192456123,3.141301181800141,-0.7893177277039225,0.000105794563869,-96.16652059555054,12.0,189.50461411476132,3.141592653589793,-0.7853981633974483,0.0,0.8233143733546363,0.0055525522374426,0
30.583445072174072,5,195.2314482348577,-95.51236214205522,12.065038979999263,187.93277377680343,3.141284698691372,-0.7888846233516984,0.0001096960051829,-94.75230705738068,12.0,188.0904005765915,3.141592653589793,-0.7853981633974483,0.0,0.7789480141000397,0.0049425504181825,0
30.790174961090088,5,193.5411439364524,-91.57587734352246,12.182022496485107,187.45103115004528,3.140437242610404,-0.7761894810215733,0.0004100767290045,-93.33809351921082,12.0,186.67618703842163,3.141592653589793,-0.7853981633974483,0.0,1.9336290844942816,0.013087044798272,0
31.00209617614746,5,189.98501564261736,-93.4379981510173,9.487005570468698,184.5279296886193,-3.138444563357859,-0.7935303437986202,-0.0011247731339069,-91.92387998104095,10.0,185.26197350025177,3.141592653589793,-0.7853981633974483,0.0,1.7591297379041049,0.012023272568532,0
31.211014986038208,5,187.96380724835305,-89.95969480211045,8.37752446112416,184.41199433905587,3.139381891835726,-0.7819259855183761,0.0007897740088982,-90.5096664428711,8.0,183.8477599620819,3.141592653589793,-0.7853981633974483,0.0,0.8737012970960004,0.0054958664743819,0
31.424405097961422,5,185.5000494086601,-91.85763367869896,6.363318715869221,180.4571226232628,3.139091535497076,-0.8019378898642182,0.0009113489309116,-89.09545290470123,6.0,182.43354642391205,3.141592653589793,-0.7853981633974483,0.0,3.4158299368259257,0.0235538527801363,0
31.633645057678223,5,183.74825214484784,-88.8673467195407,4.135239899561826,180.99141166180183,3.1408722704626477,-0.7907664567561535,0.0002690579125756,-87.68123936653137,4.0,181.0193328857422,3.141592653589793,-0.7853981633974483,0.0,1.194118954728811,0.0076334789205122,0
31.841700077056885,5,181.66493578567184,-87.07170885317294,2.384350355754402,179.57871869921482,3.139180447214577,-0.789144130309176,0.0008992105500774,-86.26702582836151,2.0,179.60511934757233,3.141592653589793,-0.7853981633974483,0.0,0.892152991712686,0.0059306436561754,0
32.0521879196167,5,179.68278811617714,-84.62043789247939,-0.0801291200861758,177.53827135227533,-3.128203984198471,-0.7762027478270616,-0.0048318140223308,-86.26702582836151,2.0,176.7766922712326,3.141592653589793,-0.7853981633974483,0.0,2.7601071869593987,0.0198034011282507,0
32.26313900947571,5,177.61751400539129,-86.17573098574718,1.467711165888573,173.89879864349305,-3.138159291713773,-0.7849558643724109,-0.0012279741816581,-86.26702582836151,2.0,173.94826519489288,3.141592653589793,-0.7853981633974483,0.0,0.5423219439733836,0.0038808242886844,0
32.47759008407593,5,175.75328402257128,-85.41840866307595,2.734723810055801,171.93066174367084,-3.133311390827398,-0.7893124483138483,-0.0029832259578893,-84.85281229019165,4.0,172.53405165672302,3.141592653589793,-0.7853981633974483,0.0,1.5115893890315275,0.0107511734870945,0
32.68581700325012,5,174.03973595401084,-84.30172701409897,5.822586229630735,171.14502049487874,-3.1402419379348228,-0.7893906171772027,-0.0005057791511268,-83.43859875202179,6.0,171.11983811855316,3.141592653589793,-0.7853981633974483,0.0,0.8815328665401074,0.0058398353285712,0
32.901630878448486,5,172.21482847410772,-83.71242517182068,8.538969802639599,168.79777013245217,3.137909635766471,-0.7955615969884541,0.0013434289494271,-82.02438521385193,8.0,169.7056245803833,3.141592653589793,-0.7853981633974483,0.0,1.9910216087438275,0.0149419398533336,0
33.118499994277954,5,170.35436365292134,-79.11678196178823,9.36762624175024,168.97843783324035,3.132334671681798,-0.7766104781152149,0.0033734379891385,-80.61017167568207,8.0,168.29141104221344,3.141592653589793,-0.7853981633974483,0.0,2.1383685805483874,0.0161454864296465,0
33.32468605041504,5,168.2108630741684,-79.88878162383509,5.444399053832747,166.73716737567932,-3.137697420276593,-0.7891118715907298,-0.0014473759631173,-79.1959581375122,6.0,166.87719750404358,3.141592653589793,-0.7853981633974483,0.0,0.8990579688942459,0.0067928430822136,0
33.53024506568909,5,166.27358057623826,-77.39635336911712,5.0289319033806,165.63794783012017,-3.1348246363947307,-0.7830799452718632,-0.0025409483660436,-77.78174459934235,6.0,165.46298396587372,3.141592653589793,-0.7853981633974483,0.0,1.0592978818059569,0.0081662959204403,0
33.729549169540405,5,164.60170533766214,-74.67775096841935,4.778794764058787,164.5521605715785,-3.1336618016883104,-0.7819657745246235,-0.0043842420733819,-74.95331752300262,6.0,165.46298396587372,3.141592653589793,-0.7853981633974483,0.0,1.5481855217933669,0.0094600936914905,0
33.944045066833496,5,162.88615423384755,-72.42375936851955,4.941057700344393,163.17289788231923,-3.13665977373941,-0.7837948157662286,-0.0025872996005858,-72.1248904466629,6.0,165.46298396587372,3.141592653589793,-0.7853981633974483,0.0,2.5407037797707903,0.0055796457297589,0
34.1487410068512,5,162.88615423384755,-72.42375936851955,4.941057700344393,163.17289788231923,-3.13665977373941,-0.7837948157662286,-0.0025872996005858,-72.1248904466629,6.0,165.46298396587372,3.141592653589793,-0.7853981633974483,0.0,2.5407037797707903,0.0055796457297589,0
34.35728406906128,5,164.4147927606951,-73.59737405174812,5.246006040249313,164.7592374182566,-3.138852770438008,-0.7867757427866723,-0.0002643688449965,-73.53910398483276,6.0,166.87719750404358,3.141592653589793,-0.7853981633974483,0.0,2.248923568515764,0.0041240994667618,0
34.56044793128967,5,166.10409170274232,-73.42900682702542,4.366548183727422,167.17574064430477,-3.130311770515347,-0.781442403875328,-0.0061164805768238,-74.95331752300262,6.0,168.29141104221344,3.141592653589793,-0.7853981633974483,0.0,2.49728019467668,0.0128864386940482,0
34.76868200302124,5,167.57653372052522,-74.59558415013531,5.4007200028148725,168.68138598732165,-3.137836541295059,-0.7845034881052715,-0.0013719409199355,-76.36753106117249,6.0,169.7056245803833,3.141592653589793,-0.7853981633974483,0.0,2.132603354137218,0.0043611035843879,0
34.97954702377319,5,169.14937107035877,-75.20613029628821,5.13692401315584,170.56906252714768,-3.1346441748819167,-0.7842050183486303,-0.0037178914216376,-77.78174459934235,6.0,171.11983811855316,3.141592653589793,-0.7853981633974483,0.0,2.7716498605076603,0.0073623598927645,0
35.19390416145325,5,170.73533456178853,-76.34195799219673,4.862725925459147,172.27972115969877,-3.13198938432948,-0.7867940172358113,-0.0046267326395919,-79.1959581375122,6.0,172.53405165672302,3.141592653589793,-0.7853981633974483,0.0,3.082757394249529,0.010271942651004,0
35.3995041847229,5,174.0899925664059,-80.07938468648481,5.913231386020351,174.6279902813956,-3.140845659723985,-0.7815112246488741,-0.0003028323763867,-80.61017167568207,6.0,173.94826519489288,3.141592653589793,-0.7853981633974483,0.0,0.8667697580639023,0.0055567412244906,0
35.61536002159119,5,176.1931027000264,-81.68108258835902,5.846849041349467,176.0163858676592,-3.1404113949236683,-0.7822811265706155,-0.0004625522399896,-82.02438521385193,6.0,175.36247873306274,3.141592653589793,-0.7853981633974483,0.0,0.7542588743144247,0.0045942837872468,0
35.82349896430969,5,178.00049531975623,-83.04822619159495,6.663144407021579,177.40541159963482,3.1373963832082,-0.7821609351730966,0.001570979019992,-83.43859875202179,6.0,176.7766922712326,3.141592653589793,-0.7853981633974483,0.0,0.9936997707581188,0.0065189714758161,0
36.03359889984131,5,178.00049531975623,-83.04822619159495,6.663144407021579,177.40541159963482,3.1373963832082,-0.7821609351730966,0.001570979019992,-83.43859875202179,6.0,176.7766922712326,3.141592653589793,-0.7853981633974483,0.0,0.9936997707581188,0.0065189714758161,0
36.240988969802856,5,178.00049531975623,-83.04822619159495,6.663144407021579,177.40541159963482,3.1373963832082,-0.7821609351730966,0.001570979019992,-83.43859875202179,6.0,176.7766922712326,3.141592653589793,-0.7853981633974483,0.0,0.9936997707581188,0.0065189714758161,0
36.45149302482605,5,178.00049531975623,-83.04822619159495,6.663144407021579,177.40541159963482,3.1373963832082,-0.7821609351730966,0.001570979019992,-83.43859875202179,6.0,176.7766922712326,3.141592653589793,-0.7853981633974483,0.0,0.9936997707581188,0.0065189714758161,0
36.66158485412598,5,178.00049531975623,-83.04822619159495,6.663144407021579,177.40541159963482,3.1373963832082,-0.7821609351730966,0.001570979019992,-83.43859875202179,6.0,176.7766922712326,3.141592653589793,-0.7853981633974483,0.0,0.9936997707581188,0.0065189714758161,0
36.8701171875,5,178.00049531975623,-83.04822619159495,6.663144407021579,177.40541159963482,3.1373963832082,-0.7821609351730966,0.001570979019992,-83.43859875202179,6.0,176.7766922712326,3.141592653589793,-0.7853981633974483,0.0,0.9936997707581188,0.0065189714758161,0
37.082106828689575,5,178.00049531975623,-83.04822619159495,6.663144407021579,177.40541159963482,3.1373963832082,-0.7821609351730966,0.001570979019992,-83.43859875202179,6.0,176.7766922712326,3.141592653589793,-0.7853981633974483,0.0,0.9936997707581188,0.0065189714758161,0
37.35909700393677,5,178.00049531975623,-83.04822619159495,6.663144407021579,177.40541159963482,3.1373963832082,-0.7821609351730966,0.001570979019992,-83.43859875202179,6.0,176.7766922712326,3.141592653589793,-0.7853981633974483,0.0,0.9936997707581188,0.0065189714758161,0
37.56786108016968,5,178.00049531975623,-83.04822619159495,6.663144407021579,177.40541159963482,3.1373963832082,-0.7821609351730966,0.001570979019992,-83.43859875202179,6.0,176.7766922712326,3.141592653589793,-0.7853981633974483,0.0,0.9936997707581188,0.0065189714758161,0
37.78348398208618,5,178.00049531975623,-83.04822619159495,6.663144407021579,177.40541159963482,3.1373963832082,-0.7821609351730966,0.001570979019992,-83.43859875202179,6.0,176.7766922712326,3.141592653589793,-0.7853981633974483,0.0,0.9936997707581188,0.0065189714758161,0
38.0071439743042,5,178.00049531975623,-83.04822619159495,6.663144407021579,177.40541159963482,3.1373963832082,-0.7821609351730966,0.001570979019992,-83.43859875202179,6.0,176.7766922712326,3.141592653589793,-0.7853981633974483,0.0,0.9936997707581188,0.0065189714758161,0
38.22398805618286,5,178.00049531975623,-83.04822619159495,6.663144407021579,177.40541159963482,3.1373963832082,-0.7821609351730966,0.001570979019992,-83.43859875202179,6.0,176.7766922712326,3.141592653589793,-0.7853981633974483,0.0,0.9936997707581188,0.0065189714758161,0
38.43384099006653,5,177.95632196354364,-81.83082982123726,6.788732487742527,177.20467673761055,3.136616339573843,-0.7673602367637284,0.0018104980512094,-84.85281229019165,6.0,175.36247873306274,3.141592653589793,-0.7853981633974483,0.0,3.626040604826169,0.0261063864641076,0
38.65037202835083,5,178.02845179326488,-85.38824998220454,6.629667025908217,174.8335628601173,3.137637880766727,-0.7791998995823254,0.0013958955844212,-86.26702582836151,6.0,173.94826519489288,3.141592653589793,-0.7853981633974483,0.0,1.3973115283847033,0.0098208044295964,0
38.88285803794861,5,177.77181475865987,-86.16220463803886,3.350383753502732,173.93861998051034,-3.1373839254781863,-0.7848015999682931,-0.0014969322977148,-86.26702582836151,4.0,173.94826519489288,3.141592653589793,-0.7853981633974483,0.0,0.6580894922534033,0.0047755480906732,0
39.09247899055481,5,177.61751400539129,-86.17573098574718,1.467711165888573,173.89879864349305,-3.138159291713773,-0.7849558643724109,-0.0012279741816581,-86.26702582836151,2.0,173.94826519489288,3.141592653589793,-0.7853981633974483,0.0,0.5423219439733836,0.0038808242886844,0
39.31132102012634,5,179.69248393156045,-86.6126040320406,-0.0977170775072665,175.89409717199982,-3.128090404506176,-0.7792326608920077,-0.0047644021268387,-87.68123936653137,2.0,175.36247873306274,3.141592653589793,-0.7853981633974483,0.0,2.4135071120686047,0.0174542318512069,0
39.546130895614624,5,179.69248393156045,-86.6126040320406,-0.0977170775072665,175.89409717199982,-3.128090404506176,-0.7792326608920077,-0.0047644021268387,-87.68123936653137,2.0,175.36247873306274,3.141592653589793,-0.7853981633974483,0.0,2.4135071120686047,0.0174542318512069,0
39.76168394088745,5,179.71205082464297,-90.96767479990916,-0.0473874506258123,172.98089097174275,-3.1283206894931967,-0.7961600709800215,-0.0046158489936476,-89.09545290470123,2.0,173.94826519489288,3.141592653589793,-0.7853981633974483,0.0,2.9381666197633,0.0212678815417033,0
39.97501492500305,5,179.69248393156045,-86.6126040320406,-0.0977170775072665,175.89409717199982,-3.128090404506176,-0.7792326608920077,-0.0047644021268387,-87.68123936653137,2.0,175.36247873306274,3.141592653589793,-0.7853981633974483,0.0,2.4135071120686047,0.0174542318512069,0
40.19632411003113,5,179.68278811617714,-84.62043789247939,-0.0801291200861758,177.53827135227533,-3.128203984198471,-0.7762027478270616,-0.0048318140223308,-86.26702582836151,2.0,176.7766922712326,3.141592653589793,-0.7853981633974483,0.0,2.7601071869593987,0.0198034011282507,0
40.4108989238739,5,177.5241183658587,-82.7028284291049,1.5763339123941271,176.26698844171767,-3.1388729823330164,-0.7734443227684228,-0.0010009755120691,-84.85281229019165,2.0,175.36247873306274,3.141592653589793,-0.7853981633974483,0.0,2.3706668618285005,0.0171734715893938,0
40.62366890907288,5,175.630650744425,-81.72880479953379,2.7397421890898253,174.63509447553685,3.13672521652856,-0.7758932198258691,0.0017451918208259,-83.43859875202179,2.0,173.94826519489288,3.141592653589793,-0.7853981633974483,0.0,1.9855347710462905,0.0144999621809267,0
40.838457107543945,5,173.8974025558629,-82.60549203960798,3.832782892941733,172.38979981046873,3.1293549655055872,-0.7885181330516207,0.0045481485426093,-82.02438521385193,2.0,172.53405165672302,3.141592653589793,-0.7853981633974483,0.0,1.928104476097681,0.0142368227528917,0
41.05868697166443,5,171.84558079646388,-80.90042043358395,0.7822703333693741,171.15929661298603,-3.1333224253128,-0.7866136957496608,-0.0030973293499422,-80.61017167568207,2.0,171.11983811855316,3.141592653589793,-0.7853981633974483,0.0,1.2524643129601851,0.0092972555137801,0
41.272830963134766,5,169.77389384233726,-79.24357471454168,1.179554304854816,169.5786210718058,-3.1359858324574934,-0.7860162393405773,-0.0021318314409106,-79.1959581375122,2.0,169.7056245803833,3.141592653589793,-0.7853981633974483,0.0,0.8315818470128262,0.0062376431051583,0
41.4916741847992,5,167.90891645387,-77.85531318772485,1.6071917536173213,168.24827724024527,-3.1388936879246,-0.7857653804106498,-0.0010284726158864,-77.78174459934235,2.0,168.29141104221344,3.141592653589793,-0.7853981633974483,0.0,0.4019591776475045,0.0030168545341991,0
41.71511816978455,5,166.35843004532975,-76.93043539470551,1.6679642832144168,166.5241855121081,-3.140486446150558,-0.7839583498001611,0.0003248763281989,-76.36753106117249,2.0,166.87719750404358,3.141592653589793,-0.7853981633974483,0.0,0.7427829241318344,0.0028054025538393,0
41.93720817565918,5,164.87420141392937,-76.37448297300682,1.167153215065338,164.71816540747523,-3.1371847719250767,-0.7845676338630211,-0.0017664210308765,-74.95331752300262,2.0,165.46298396587372,3.141592653589793,-0.7853981633974483,0.0,1.8077886182837852,0.0049499183376801,0
42.1527099609375,5,163.19640223423937,-76.47073948558386,1.759022034770415,162.34423792715506,3.1399128750585223,-0.7896643745013,0.0022591496341747,-73.53910398483276,2.0,164.04877042770386,3.141592653589793,-0.7853981633974483,0.0,3.3997041245404667,0.0064576927546629,0
42.37662601470947,5,161.72055141491828,-75.06357522162942,1.3252802930440994,160.94730663877164,-3.1396196074360243,-0.7849874594530037,-0.001488822470007,-72.1248904466629,2.0,162.634556889534,3.141592653589793,-0.7853981633974483,0.0,3.4551307208660456,0.0020640663754588,0
42.60536694526672,5,160.15498143807974,-74.348463278983,1.2140374097906426,159.10032006220604,-3.140369325126984,-0.7846450031142596,8.836775930445466e-05,-70.71067690849304,2.0,161.22034335136414,3.141592653589793,-0.7853981633974483,0.0,4.283191055405287,0.002122946287118,0
42.82572293281555,5,158.543870764916,-73.85380024432172,0.8366449624717236,157.10262758962938,-3.1383844995065706,-0.78598137448353,-0.0008626033253978,-69.29646337032318,2.0,159.80612981319427,3.141592653589793,-0.7853981633974483,0.0,5.42509341848318,0.0038782436477794,0
43.04846405982971,5,156.88964979729514,-70.71760766168546,0.7109001607814558,156.21741311505198,-3.1384724989824413,-0.7820499406962418,-0.0015759303343067,-66.46803629398346,2.0,159.80612981319427,3.141592653589793,-0.7853981633974483,0.0,5.7095991754405375,0.0057455712274282,0
43.27142810821533,5,155.2860618471262,-70.5991637666382,1.1950403846988829,154.0427351245443,3.1389686642932304,-0.7857151511944029,0.002738814334308,-65.0538227558136,2.0,158.3919162750244,3.141592653589793,-0.7853981633974483,0.0,7.093246336360419,0.0029402203007381,0
43.49045705795288,5,153.63567449129172,-67.9915446961559,0.6815281089624514,152.89489180109814,-3.1413396916102174,-0.7853604077346726,0.0007726372180038,-62.22539567947388,2.0,158.3919162750244,3.141592653589793,-0.7853981633974483,0.0,8.074906852526757,0.0013912199975846,0
43.7156720161438,5,151.98653141137436,-65.64169803336777,0.6798910759044141,151.6244555818565,3.1400967216467195,-0.7865851939158767,0.0017962614083104,-59.39696860313416,2.0,158.3919162750244,3.141592653589793,-0.7853981633974483,0.0,9.302572625993063,0.0024808870410075,0
43.93154788017273,5,150.50278842659847,-65.08541104737415,0.0458951045910203,149.82540834756185,-3.138225443983545,-0.7871098685415703,-0.0013915714842815,-57.98275506496429,2.0,156.97770273685455,3.141592653589793,-0.7853981633974483,0.0,10.267500327627548,0.0043807982382671,0
44.1474039554596,5,148.9315946989501,-64.14279911995882,-0.143656183222123,148.0761043869358,-3.1373730507084354,-0.7854277132580293,-0.0021809892806424,-56.568541526794434,2.0,155.5634891986847,3.141592653589793,-0.7853981633974483,0.0,10.8639574391049,0.004377626550261,0
44.36568284034729,5,147.3577716086585,-63.871431560122126,0.1725827686335566,146.0163019001322,-3.141506160331842,-0.7881871428733689,0.0006111259991702,-55.15432798862457,2.0,154.14927566051483,3.141592653589793,-0.7853981633974483,0.0,12.061202701255914,0.0040650870415361,0
44.586467027664185,5,146.17031792564111,-62.91906033214216,-0.5519230616240378,144.38738376759596,-3.140925083049257,-0.7862189350035826,-0.0002926804334682,-53.74011445045471,2.0,152.73506212234497,3.141592653589793,-0.7853981633974483,0.0,12.666850150125743,0.0013635708608519,0
44.80141496658325,5,144.2019761886731,-60.31187185856723,-0.3725869998059623,143.14894652733523,-3.139234007893614,-0.7858413537074586,-0.0008899136770092,-50.91168737411499,2.0,152.73506212234497,3.141592653589793,-0.7853981633974483,0.0,13.634010767718864,0.0026836700416471,0
45.01938509941101,5,142.60402263999583,-57.61340525561687,-0.4418370294043714,142.03692582945126,-3.140497108393627,-0.7846545896141099,-9.619722181874164e-05,-48.08326029777527,2.0,152.73506212234497,3.141592653589793,-0.7853981633974483,0.0,14.533972311002024,0.0018030034452284,0
45.287365198135376,5,141.04908206098034,-56.60831113628514,-0.4889510216172519,140.2724978255368,-3.14089585868034,-0.7824598054096269,-0.0002262690865699,-46.66904675960541,2.0,151.3208485841751,3.141592653589793,-0.7853981633974483,0.0,15.068175338223543,0.0042314092819228,0
45.50461006164551,5,139.5122637440072,-56.06148117673246,-0.640307983518341,138.38768385396244,-3.140582054547098,-0.7832381486688237,-0.0003475227856388,-45.25483322143555,2.0,149.90663504600525,3.141592653589793,-0.7853981633974483,0.0,16.013778531071857,0.003259930297794,0
45.7174060344696,5,138.32964229666575,-55.54733085840969,-1.4381379468120157,136.6610779551751,3.1410532096361385,-0.7840348822958162,0.0008766994477146,-43.840619683265686,2.0,148.4924215078354,3.141592653589793,-0.7853981633974483,0.0,16.995545573491494,0.0021203307643826,0
45.93565893173218,5,138.21832346369473,-57.14864330026333,-1.3257408771238222,136.05195011228383,3.141054530904726,-0.7823708880756173,0.0008351621454062,-45.25483322143555,2.0,147.07820796966553,3.141592653589793,-0.7853981633974483,0.0,16.55601500695349,0.0043624117223705,0
46.145066022872925,5,138.1356580117603,-58.97568089749837,-1.1817963785896766,135.38342317305322,3.1408055464545144,-0.7821784803402843,0.0007868452300176,-46.66904675960541,2.0,145.66399443149567,3.141592653589793,-0.7853981633974483,0.0,16.348309313157483,0.0046321825691749,0
46.35969090461731,5,138.0901146359538,-60.69182687786735,-1.0691600064292217,134.78800853286216,3.140905568420997,-0.7810581598620829,0.0006142379396804,-48.08326029777527,2.0,144.2497808933258,3.141592653589793,-0.7853981633974483,0.0,16.059913777816906,0.006176487632776,0
46.57857799530029,5,138.0350665635529,-62.43408779646197,-1.017441738106508,134.16246779664937,3.1415411172466534,-0.7803151425022348,5.4284346118152914e-05,-49.49747383594513,2.0,142.83556735515594,3.141592653589793,-0.7853981633974483,0.0,15.864538800673454,0.007188502731249,0
46.79053997993469,5,138.05197610673386,-64.04365719641672,-1.3248265887208006,133.6701778352964,-3.136842792388234,-0.7783813262703742,-0.0036178469899281,-50.91168737411499,2.0,141.42135381698608,3.141592653589793,-0.7853981633974483,0.0,15.60717246518508,0.0110129645935852,0
47.02419710159302,5,139.19736751402064,-67.3626193192174,-0.6442508605628051,134.4372424453413,-3.141571054325818,-0.7842434628077146,-7.797388831658393e-06,-53.74011445045471,2.0,141.42135381698608,3.141592653589793,-0.7853981633974483,0.0,15.535202385697728,0.0016314706862983,0
47.23808598518372,5,140.36526463312117,-69.91843210912562,-0.2200883624757933,135.52390677590736,3.139870759299529,-0.7846862221807488,0.0011828391613646,-56.568541526794434,2.0,141.42135381698608,3.141592653589793,-0.7853981633974483,0.0,14.762393183347456,0.0019958025145238,0
47.4525260925293,5,141.5856896970827,-71.79221778456768,-0.1031518918197604,137.05613828287835,-3.141465669403517,-0.7799075039326118,-0.0004705307081484,-59.39696860313416,2.0,141.42135381698608,3.141592653589793,-0.7853981633974483,0.0,13.308664726752609,0.0077828237638899,0
47.66021800041199,5,142.7783150221196,-74.95869569329977,0.3216818816790656,137.85370764787277,3.1395148588725705,-0.7846993965697733,0.001692124320794,-62.22539567947388,2.0,141.42135381698608,3.141592653589793,-0.7853981633974483,0.0,13.329732935673237,0.0023225465207403,0
47.88744902610779,5,144.04862003030638,-77.26578988397095,0.143715535640324,139.182716203093,-3.138796168240904,-0.7829651277028914,-0.0021530494554711,-65.0538227558136,2.0,141.42135381698608,3.141592653589793,-0.7853981633974483,0.0,12.553462929333714,0.0044405628458081,0
48.10341000556946,5,139.56661070283184,-67.72734095869302,1.5210175803710042,141.53278204441915,-3.137708678245411,-0.7841680338522108,-0.0014284023565325,-67.88224983215332,2.0,141.42135381698608,3.141592653589793,-0.7853981633974483,0.0,0.5155939945919288,0.0046470944554409,0
48.31597304344177,5,139.537628306956,-69.2514447134617,1.528758158291082,140.06332414877852,-3.137776728854147,-0.7848853149636381,-0.0013634559900439,-69.29646337032318,2.0,140.00714027881622,3.141592653589793,-0.7853981633974483,0.0,0.4767097440652599,0.0043190857488657,0
48.52867412567139,5,139.5210804725442,-69.82303586795999,1.5622178283758212,139.07142558809488,-3.1380662434491984,-0.7788700190682262,-0.0012182239930227,-70.71067690849304,2.0,138.59292674064636,3.141592653589793,-0.7853981633974483,0.0,1.09932751882237,0.0100479345184372,0
48.73934316635132,5,139.52939670846428,-71.18038253877651,1.5783367789905915,137.70402032342682,-3.1382041207926967,-0.7783995081597435,-0.0011332522932163,-72.1248904466629,2.0,137.1787132024765,3.141592653589793,-0.7853981633974483,0.0,1.1601045777571368,0.010614671884272,0
48.94937014579773,5,139.52939670846428,-71.18038253877651,1.5783367789905915,137.70402032342682,-3.1382041207926967,-0.7783995081597435,-0.0011332522932163,-72.1248904466629,2.0,137.1787132024765,3.141592653589793,-0.7853981633974483,0.0,1.1601045777571368,0.010614671884272,0
49.16299104690552,5,139.52939670846428,-71.18038253877651,1.5783367789905915,137.70402032342682,-3.1382041207926967,-0.7783995081597435,-0.0011332522932163,-72.1248904466629,2.0,137.1787132024765,3.141592653589793,-0.7853981633974483,0.0,1.1601045777571368,0.010614671884272,0
49.38297009468079,5,139.52939670846428,-71.18038253877651,1.5783367789905915,137.70402032342682,-3.1382041207926967,-0.7783995081597435,-0.0011332522932163,-72.1248904466629,2.0,137.1787132024765,3.141592653589793,-0.7853981633974483,0.0,1.1601045777571368,0.010614671884272,0
49.61129999160767,5,139.52939670846428,-71.18038253877651,1.5783367789905915,137.70402032342682,-3.1382041207926967,-0.7783995081597435,-0.0011332522932163,-72.1248904466629,2.0,137.1787132024765,3.141592653589793,-0.7853981633974483,0.0,1.1601045777571368,0.010614671884272,0
49.8255410194397,5,139.52939670846428,-71.18038253877651,1.5783367789905915,137.70402032342682,-3.1382041207926967,-0.7783995081597435,-0.0011332522932163,-72.1248904466629,2.0,137.1787132024765,3.141592653589793,-0.7853981633974483,0.0,1.1601045777571368,0.010614671884272,0
50.03978395462036,5,139.52939670846428,-71.18038253877651,1.5783367789905915,137.70402032342682,-3.1382041207926967,-0.7783995081597435,-0.0011332522932163,-72.1248904466629,2.0,137.1787132024765,3.141592653589793,-0.7853981633974483,0.0,1.1601045777571368,0.010614671884272,0
50.24985909461975,5,139.52939670846428,-71.18038253877651,1.5783367789905915,137.70402032342682,-3.1382041207926967,-0.7783995081597435,-0.0011332522932163,-72.1248904466629,2.0,137.1787132024765,3.141592653589793,-0.7853981633974483,0.0,1.1601045777571368,0.010614671884272,0
50.46217918395996,5,139.52939670846428,-71.18038253877651,1.5783367789905915,137.70402032342682,-3.1382041207926967,-0.7783995081597435,-0.0011332522932163,-72.1248904466629,2.0,137.1787132024765,3.141592653589793,-0.7853981633974483,0.0,1.1601045777571368,0.010614671884272,0
50.67348599433899,5,139.52939670846428,-71.18038253877651,1.5783367789905915,137.70402032342682,-3.1382041207926967,-0.7783995081597435,-0.0011332522932163,-72.1248904466629,2.0,137.1787132024765,3.141592653589793,-0.7853981633974483,0.0,1.1601045777571368,0.010614671884272,0
50.89041686058045,5,139.52939670846428,-71.18038253877651,1.5783367789905915,137.70402032342682,-3.1382041207926967,-0.7783995081597435,-0.0011332522932163,-72.1248904466629,2.0,137.1787132024765,3.141592653589793,-0.7853981633974483,0.0,1.1601045777571368,0.010614671884272,0
51.10815787315369,5,139.52939670846428,-71.18038253877651,1.5783367789905915,137.70402032342682,-3.1382041207926967,-0.7783995081597435,-0.0011332522932163,-72.1248904466629,2.0,137.1787132024765,3.141592653589793,-0.7853981633974483,0.0,1.1601045777571368,0.010614671884272,0
51.31906795501709,5,139.52939670846428,-71.18038253877651,1.5783367789905915,137.70402032342682,-3.1382041207926967,-0.7783995081597435,-0.0011332522932163,-72.1248904466629,2.0,137.1787132024765,3.141592653589793,-0.7853981633974483,0.0,1.1601045777571368,0.010614671884272,0
51.564733028411865,5,139.52939670846428,-71.18038253877651,1.5783367789905915,137.70402032342682,-3.1382041207926967,-0.7783995081597435,-0.0011332522932163,-72.1248904466629,2.0,137.1787132024765,3.141592653589793,-0.7853981633974483,0.0,1.1601045777571368,0.010614671884272,0
51.79714608192444,5,139.52939670846428,-71.18038253877651,1.5783367789905915,137.70402032342682,-3.1382041207926967,-0.7783995081597435,-0.0011332522932163,-72.1248904466629,2.0,137.1787132024765,3.141592653589793,-0.7853981633974483,0.0,1.1601045777571368,0.010614671884272,0
52.01513123512268,5,139.52939670846428,-71.18038253877651,1.5783367789905915,137.70402032342682,-3.1382041207926967,-0.7783995081597435,-0.0011332522932163,-72.1248904466629,2.0,137.1787132024765,3.141592653589793,-0.7853981633974483,0.0,1.1601045777571368,0.010614671884272,0
52.22736215591431,5,139.52939670846428,-71.18038253877651,1.5783367789905915,137.70402032342682,-3.1382041207926967,-0.7783995081597435,-0.0011332522932163,-72.1248904466629,2.0,137.1787132024765,3.141592653589793,-0.7853981633974483,0.0,1.1601045777571368,0.010614671884272,0
52.446048974990845,5,139.52939670846428,-71.18038253877651,1.5783367789905915,137.70402032342682,-3.1382041207926967,-0.7783995081597435,-0.0011332522932163,-72.1248904466629,2.0,137.1787132024765,3.141592653589793,-0.7853981633974483,0.0,1.1601045777571368,0.010614671884272,0
52.72842288017273,5,139.52939670846428,-71.18038253877651,1.5783367789905915,137.70402032342682,-3.1382041207926967,-0.7783995081597435,-0.0011332522932163,-72.1248904466629,2.0,137.1787132024765,3.141592653589793,-0.7853981633974483,0.0,1.1601045777571368,0.010614671884272,0
52.95675587654114,5,139.52939670846428,-71.18038253877651,1.5783367789905915,137.70402032342682,-3.1382041207926967,-0.7783995081597435,-0.0011332522932163,-72.1248904466629,2.0,137.1787132024765,3.141592653589793,-0.7853981633974483,0.0,1.1601045777571368,0.010614671884272,0
53.18530607223511,5,139.52939670846428,-71.18038253877651,1.5783367789905915,137.70402032342682,-3.1382041207926967,-0.7783995081597435,-0.0011332522932163,-72.1248904466629,2.0,137.1787132024765,3.141592653589793,-0.7853981633974483,0.0,1.1601045777571368,0.010614671884272,0
53.40794897079468,5,139.52939670846428,-71.18038253877651,1.5783367789905915,137.70402032342682,-3.1382041207926967,-0.7783995081597435,-0.0011332522932163,-72.1248904466629,2.0,137.1787132024765,3.141592653589793,-0.7853981633974483,0.0,1.1601045777571368,0.010614671884272,0
53.63485598564148,5,139.52939670846428,-71.18038253877651,1.5783367789905915,137.70402032342682,-3.1382041207926967,-0.7783995081597435,-0.0011332522932163,-72.1248904466629,2.0,137.1787132024765,3.141592653589793,-0.7853981633974483,0.0,1.1601045777571368,0.010614671884272,0
53.86329793930054,5,139.52939670846428,-71.18038253877651,1.5783367789905915,137.70402032342682,-3.1382041207926967,-0.7783995081597435,-0.0011332522932163,-72.1248904466629,2.0,137.1787132024765,3.141592653589793,-0.7853981633974483,0.0,1.1601045777571368,0.010614671884272,0
54.087424993515015,5,139.52939670846428,-71.18038253877651,1.5783367789905915,137.70402032342682,-3.1382041207926967,-0.7783995081597435,-0.0011332522932163,-72.1248904466629,2.0,137.1787132024765,3.141592653589793,-0.7853981633974483,0.0,1.1601045777571368,0.010614671884272,0
54.3041570186615,5,139.52939670846428,-71.18038253877651,1.5783367789905915,137.70402032342682,-3.1382041207926967,-0.7783995081597435,-0.0011332522932163,-72.1248904466629,2.0,137.1787132024765,3.141592653589793,-0.7853981633974483,0.0,1.1601045777571368,0.010614671884272,0
54.52381706237793,5,139.52939670846428,-71.18038253877651,1.5783367789905915,137.70402032342682,-3.1382041207926967,-0.7783995081597435,-0.0011332522932163,-72.1248904466629,2.0,137.1787132024765,3.141592653589793,-0.7853981633974483,0.0,1.1601045777571368,0.010614671884272,0
54.74628806114197,5,139.52939670846428,-71.18038253877651,1.5783367789905915,137.70402032342682,-3.1382041207926967,-0.7783995081597435,-0.0011332522932163,-72.1248904466629,2.0,137.1787132024765,3.141592653589793,-0.7853981633974483,0.0,1.1601045777571368,0.010614671884272,0
54.97248101234436,5,139.52939670846428,-71.18038253877651,1.5783367789905915,137.70402032342682,-3.1382041207926967,-0.7783995081597435,-0.0011332522932163,-72.1248904466629,2.0,137.1787132024765,3.141592653589793,-0.7853981633974483,0.0,1.1601045777571368,0.010614671884272,0
55.19588994979858,5,139.52939670846428,-71.18038253877651,1.5783367789905915,137.70402032342682,-3.1382041207926967,-0.7783995081597435,-0.0011332522932163,-72.1248904466629,2.0,137.1787132024765,3.141592653589793,-0.7853981633974483,0.0,1.1601045777571368,0.010614671884272,0
55.42790293693543,5,139.52939670846428,-71.18038253877651,1.5783367789905915,137.70402032342682,-3.1382041207926967,-0.7783995081597435,-0.0011332522932163,-72.1248904466629,2.0,137.1787132024765,3.141592653589793,-0.7853981633974483,0.0,1.1601045777571368,0.010614671884272,0
55.648131132125854,5,139.52939670846428,-71.18038253877651,1.5783367789905915,137.70402032342682,-3.1382041207926967,-0.7783995081597435,-0.0011332522932163,-72.1248904466629,2.0,137.1787132024765,3.141592653589793,-0.7853981633974483,0.0,1.1601045777571368,0.010614671884272,0
55.87227201461792,5,139.52939670846428,-71.18038253877651,1.5783367789905915,137.70402032342682,-3.1382041207926967,-0.7783995081597435,-0.0011332522932163,-72.1248904466629,2.0,137.1787132024765,3.141592653589793,-0.7853981633974483,0.0,1.1601045777571368,0.010614671884272,0
56.08871507644653,5,139.52939670846428,-71.18038253877651,1.5783367789905915,137.70402032342682,-3.1382041207926967,-0.7783995081597435,-0.0011332522932163,-72.1248904466629,2.0,137.1787132024765,3.141592653589793,-0.7853981633974483,0.0,1.1601045777571368,0.010614671884272,0
56.295644998550415,5,139.52939670846428,-71.18038253877651,1.5783367789905915,137.70402032342682,-3.1382041207926967,-0.7783995081597435,-0.0011332522932163,-72.1248904466629,2.0,137.1787132024765,3.141592653589793,-0.7853981633974483,0.0,1.1601045777571368,0.010614671884272,0
56.51945590972901,5,139.52939670846428,-71.18038253877651,1.5783367789905915,137.70402032342682,-3.1382041207926967,-0.7783995081597435,-0.0011332522932163,-72.1248904466629,2.0,137.1787132024765,3.141592653589793,-0.7853981633974483,0.0,1.1601045777571368,0.010614671884272,0
